static const char kernel_config_data[] __used = MAGIC_START
	"\x1f\x8b\x08\x00\x00\x00\x00\x00\x02\x03\x94\x3c\x5d\x73\xdb\xb8"
	"\xae\xef\xe7\x57\x78\xba\x2f\x7b\x66\xce\x76\xfd\x15\xc7\xb9\x77"
	"\xf2\x40\x49\x94\xcd\xb5\x24\x2a\x24\x65\x27\x7d\xd1\x78\x13\xa7"
	"\xcd\xdd\xc4\xce\x71\xdc\xee\xe9\xbf\x3f\x00\xf5\x45\x4a\x94\x93"
	"\xbb\xd3\xe9\xd6\x04\x08\x82\x20\x08\x02\x20\xa8\x5f\xfe\xf1\xcb"
	"\x80\x7c\x3f\x1d\x5e\xb6\xa7\xa7\xfb\xed\xf3\xf3\xcf\xc1\xd7\xdd"
	"\x7e\x77\xdc\x9e\x76\x0f\x83\xc7\xa7\xe7\xdd\xff\x0e\x02\x3e\x48"
	"\xb8\x1a\xd0\x80\xa9\xcf\x80\x1c\x3d\xed\xbf\xff\xe7\xf7\xed\xf1"
	"\x65\x36\x1d\x4c\x3f\x8f\xae\x3e\x4f\xc6\x17\x83\xd5\xee\xb8\xdf"
	"\x3d\x0f\xfc\xc3\xfe\xf1\xe9\xeb\x77\xe8\xfd\x74\xd8\xff\xe3\x97"
	"\x7f\xf8\x3c\x09\xd9\x22\xf7\xfd\x7c\x4d\x85\x64\x3c\xc9\x15\xbd"
	"\x55\xd7\x9f\xc8\xfe\xe1\x78\x78\x7a\x18\xfc\x7a\x39\x9e\x4f\x67"
	"\xe3\xe9\xbf\x06\x7f\x6e\xdf\x60\xc0\xc3\x7e\x70\x9c\x8e\x66\xa3"
	"\xf9\xe4\xcf\x7f\x0e\xee\x9f\xb7\xfb\xaf\x83\x1f\xbb\xe3\x1b\x10"
	"\x1b\x8c\xc6\x9f\x87\x9f\x2f\x06\xbf\x7e\x3b\x9d\x5e\xdf\xfe\xe7"
	"\xf7\xdf\xb7\x05\x89\xcf\x5f\x0f\x87\xaf\xcf\xbb\xb7\xc3\xf7\xe3"
	"\xfd\xee\xf3\xfd\xe1\xe5\xf7\xd3\xe1\xf0\x7c\xff\x6d\xfb\xb4\xff"
	"\xfd\xf9\xf9\xc7\xcb\x6f\xaf\xc7\xc3\xff\xed\xee\x4f\x83\xfb\xab"
	"\xc9\xc5\xc3\xd5\xd5\xc3\xe5\xfd\xe3\x78\x38\x9a\x8d\xe7\x57\x93"
	"\xe1\x78\x3a\x1a\x3f\x5c\x0e\xe7\xb3\xe9\xe8\xe1\x62\xfc\x30\x7e"
	"\xbc\xdc\xed\xfe\xf9\xa9\xe2\x7a\xd1\xb0\x7d\x3d\x34\xa6\xc2\x64"
	"\xee\x47\x24\x59\x5c\xff\xac\x1a\xa3\x00\x1b\xa3\x28\x68\x9a\x34"
	"\x46\xdd\x7d\x34\x1e\x0e\x87\x17\x35\x3a\xe0\xbb\x21\x40\x7d\x49"
	"\x64\x4e\x64\x9c\x2f\xb8\xe2\x0d\x39\xc5\x79\x24\x73\x99\xa5\x29"
	"\x17\x2a\x17\x34\x12\x0d\x8c\x89\x9b\x7c\xc3\xc5\xaa\x69\xf1\x32"
	"\x16\x05\x8a\xc5\x34\x07\x69\x13\x2f\xa2\xb9\x84\x6e\x06\xb5\xa5"
	"\xa0\x04\x78\x4e\x42\x0e\x7f\xe5\x8a\x48\xec\x0c\xeb\xf5\xcb\x60"
	"\xa1\x17\xff\x79\xf0\xb6\x3b\x7d\x7f\x6d\x56\x90\x25\x4c\xe5\x34"
	"\x59\xe7\x44\x00\xff\x2c\x66\xea\x7a\x32\x06\xf4\x8a\x6f\x1e\xa7"
	"\x0c\x86\x51\x54\xaa\xc1\xd3\xdb\x60\x7f\x38\x21\x85\x7a\xc2\xdc"
	"\x27\x51\x35\xe3\x4f\xbf\xbd\xee\x8e\x8f\x9f\x5c\xb0\x9c\x64\xe6"
	"\xa4\xf5\x34\x72\x49\x22\xd0\x98\x1a\x7f\x49\xd6\x34\x5f\x51\x91"
	"\xd0\x28\x5f\x7c\x61\x69\x83\x6e\x42\xa2\x2f\xd3\x06\x60\x63\xd7"
	"\x4c\x37\xa8\x0e\x96\x03\x1a\x92\x2c\x52\xf9\x92\x4b\x95\x90\x98"
	"\x5e\x7f\xfa\x75\x7f\xd8\x1b\xda\x21\x37\xc4\xa2\x26\xef\xe4\x9a"
	"\xa5\xbe\x49\xaa\x86\xa5\x5c\xb2\xdb\x3c\xbe\xc9\x68\x46\x1d\x63"
	"\xf9\x82\x4b\x99\xc7\x34\xe6\xe2\x2e\x27\x4a\x11\x7f\x69\x52\xce"
	"\x24\x8d\x98\xe7\xe8\x47\x32\xd8\x92\xad\xf9\x13\xe1\x2f\x0b\x00"
	"\x30\x04\x92\x8d\x1a\xf8\x99\xd6\x7c\x43\x94\x1e\xd4\x6a\x54\x82"
	"\xd2\x4a\x2f\x40\xc9\x06\x6f\xdf\xff\x7c\xfb\xf9\x76\xda\xbd\x34"
	"\x7a\xb1\xa0\x09\x15\xcc\xd7\x3a\x98\x0a\xee\xd1\x86\x86\x09\x92"
	"\x4b\xbe\xe9\x87\xe4\x11\x5d\xd3\xc8\x0d\xa7\x61\x48\x7d\xc5\x70"
	"\x66\x61\x98\xc7\x85\xa6\x3a\xf0\x62\xb6\x10\x44\xa1\x7e\x19\xf2"
	"\x10\x01\x80\x60\xdb\x6c\x60\xc7\x48\x9a\x04\xf6\x9e\x09\x78\x4c"
	"\x58\xe2\x6a\xcb\x97\x8c\x0a\x94\xe4\x5d\x77\xb0\x58\x32\xc4\xec"
	"\x05\x74\xc8\x2e\x49\x12\xc0\xd6\x28\x29\x5b\x5d\x11\x3d\xe4\xc2"
	"\xa7\x41\xb9\x25\x99\x69\x55\x64\x4a\x84\xa4\xee\xc1\xf4\x94\x41"
	"\x3f\x59\x49\xde\x30\x07\x5a\x03\x7c\xd8\x56\x2b\xc9\x33\xa0\x9d"
	"\x07\x44\x91\x2e\x05\x6d\x1e\xd6\x1d\x75\xa8\xc0\x9a\x00\x2c\x4b"
	"\xa2\x64\x8b\x34\x1a\x28\xc5\xfc\x55\xee\x09\x4e\x02\x9f\x48\x75"
	"\xb6\xb7\x85\xa6\x55\x49\x3d\xbd\x80\x4d\x77\x69\x93\x26\xcb\x13"
	"\x0a\x4a\x61\x10\x4d\x78\xbe\xfc\x82\x26\x26\xd6\xab\x5b\xef\x0b"
	"\x68\x4c\x61\x34\x1e\x30\xdf\xb1\x39\x8a\x5e\x0c\x64\x63\xf6\x29"
	"\x5a\xc3\x2c\x8a\xfa\xba\x18\x0b\xc7\x16\x4b\x54\x1c\x2d\x2a\x21"
	"\x4d\x32\x29\xec\x8c\x38\x55\xd0\x23\xa1\xee\x1d\x5f\x22\xac\x79"
	"\x94\x25\x8a\x88\x3b\xc7\x70\x25\x4e\x33\x60\xd5\xc9\xe7\xd0\xa7"
	"\x92\x96\x9f\x66\xbf\xab\xed\xdb\x5f\x83\x13\x88\x6d\x00\xa7\xde"
	"\xe0\xed\xb4\x3d\xbd\x0d\xb6\xf7\xf7\x87\xef\xfb\xd3\xd3\xfe\x6b"
	"\x4b\x7e\xd0\x21\x27\xbe\xa6\x51\xa8\x53\xcd\xd4\x9a\xc1\xd9\x61"
	"\x83\x71\xc5\x1c\xac\xa1\x7a\x69\x05\xb1\x08\x55\x7a\xe9\x2f\x41"
	"\x61\x37\x68\x96\x6d\xdb\x53\x00\xc8\x7a\x51\xea\x6c\x3d\xb0\x27"
	"\x03\xb4\x0e\x3e\x05\x33\x07\x14\x5d\x47\x04\x9e\x41\x52\x11\x65"
	"\x89\x19\x1b\xc1\x12\x47\xe4\xee\x5c\xb7\xfc\x16\x81\xc6\xe9\x86"
	"\x6d\x8c\x3b\x79\x4f\x25\xb3\xd6\x11\xf6\x6c\x65\xe9\x03\x26\xf1"
	"\xa8\x0c\xdc\xeb\x09\x88\xa1\x12\xc4\x77\xda\x6f\x10\x29\x93\x3c"
	"\xaa\xec\x8f\x5e\x37\xe1\x67\x03\xd9\x55\xf1\x6a\x8d\x01\xdc\x70"
	"\x05\x3f\xe0\xa4\x06\x65\x36\x66\x21\x2d\x0c\x34\xc5\xed\x26\x94"
	"\x58\xee\x68\xd2\x6c\x76\x07\x00\xe9\x46\x51\xb3\x8d\x0c\x48\x42"
	"\x61\xd9\x24\x5d\xf8\x5e\xc4\xcc\xdd\x8c\xb0\x90\x24\x3c\x53\xd7"
	"\xb3\x69\xb7\x11\xcc\x36\x09\xaf\x47\x33\x1b\x22\x55\xbd\x8f\x6a"
	"\xe9\x21\xc4\xe3\xdc\xe9\x1b\x68\x06\xb8\xef\xa1\x14\xdb\x47\xbf"
	"\xc7\x92\xb1\x6f\x98\xcb\x55\xf1\x8f\x6e\x8b\xd6\x2e\xb3\x79\x09"
	"\xc6\xb4\xd8\xb3\xb5\x9b\x81\x44\x43\x38\x6f\x58\xa8\xae\x47\x97"
	"\xa6\xef\x92\xc0\xda\xd1\x3c\x8c\x32\xb9\x04\xeb\x03\x47\xbe\x4a"
	"\xa3\x6c\xe1\xf4\x63\x8a\xc5\x8e\xc9\xad\x4d\xac\xe6\x82\x25\x6a"
	"\x05\x1e\x4b\x48\xdb\x03\x4e\xda\x26\xb2\xd8\x2c\xda\x50\x56\x2a"
	"\x23\xef\xbf\xed\x1e\xbe\x3f\xef\x8e\x83\xc7\xdd\xf6\xf4\xfd\xb8"
	"\x7b\x2b\x2c\x40\xe9\x06\x80\x4b\x19\xa7\x7a\x8d\x5d\xbe\x00\x9a"
	"\xe6\xd2\x3f\x94\x79\x92\xc5\x24\xf7\x08\xf8\xa0\xbe\xa5\xfe\x36"
	"\x16\x30\x3b\x1a\xcf\x0d\x9f\x75\x21\x78\x96\x1a\x42\x4b\xc9\x82"
	"\x16\xd6\xc8\x3c\x60\xc0\x51\xf1\x17\xad\x9f\x95\x3b\xd4\x69\x03"
	"\xa7\x51\xef\xaa\x36\x6c\x05\xff\x33\x96\x3b\x5a\x95\xa3\x9b\x6a"
	"\x13\x50\x2f\x33\x61\xae\xad\xa7\x01\xf9\x46\x30\x45\x3d\xe2\xaf"
	"\xda\x93\x29\xc4\xdc\xb4\x86\x84\x89\xdc\x86\x34\x8a\x10\xc2\x61"
	"\x05\xa7\xe9\x86\x05\x6a\xe9\xb4\x02\x60\x3e\x8d\xbe\x4e\x94\x72"
	"\xd8\x94\x05\xf2\x1c\x5c\x04\x31\xe9\x9f\x4e\x08\xbb\xfd\x8b\x29"
	"\x72\x50\x3a\x49\xcd\x93\x18\xf5\x1d\x07\x29\x21\xd6\x34\x0a\x1a"
	"\x01\x5d\x33\xb7\xb5\x2a\xe0\xd0\xb1\x34\x9b\x1d\xde\xa9\x08\xfb"
	"\xfb\x79\x69\xe8\x1c\xcd\x73\xee\x18\xc9\xfd\x55\x8d\x63\xf9\x21"
	"\xa5\xfe\x73\x01\x1a\xa6\x0c\x07\x04\x9d\x6d\xf0\x7c\xe0\xac\x68"
	"\xda\x32\x54\x69\xd9\xf2\x89\x05\x34\xb9\x6d\x35\x88\xc5\x06\x55"
	"\xa4\xa9\x6a\x91\x01\x1e\xfc\x55\xca\x61\x23\xe0\x41\xaf\x80\x19"
	"\x27\xc5\xf2\x60\x83\xe0\xa4\x4f\x0f\x0b\x0c\x95\x25\xb4\x15\x13"
	"\x80\x4e\x05\x14\x8c\xbe\x4f\x54\x8f\xc6\x08\x3c\xdf\x1c\x24\x51"
	"\xef\x61\x11\x75\xe8\x25\x4c\xd7\x15\x7f\x93\x18\x08\x17\xfe\x1d"
	"\xc6\x46\x35\xb1\x06\xa8\xfd\x4a\x97\xbd\x0d\x3a\x81\x10\x34\x79"
	"\xd0\x34\x76\xb3\x17\x40\x84\x64\x2b\xab\x09\xbb\xfd\xd2\xdf\x8b"
	"\xbb\x87\xb7\x62\x33\x88\x78\x79\x0a\xae\x06\xfb\x42\x91\x65\xad"
	"\x7c\x5c\xc4\x60\xb8\x2c\x49\xb6\xd1\x24\xfc\xc3\xb5\x0c\xe0\xce"
	"\x9a\xca\xa4\xdd\x92\x8c\x05\xa3\x99\xa1\x78\x1a\x07\xce\x5b\x9f"
	"\xa6\x4a\xa7\x24\xf0\xbc\x34\x6c\x91\x56\xf0\xf2\x47\xfb\x54\x6e"
	"\xd1\xd2\x2e\x38\xea\xa2\xb5\xea\x0b\xaa\x30\x50\xc9\x4b\xe7\xda"
	"\xcd\x27\xae\x5f\xed\x7c\x9b\x1a\x83\xcc\x39\x7a\xd6\x28\x61\xe1"
	"\xf1\xbb\x1c\x4a\x1d\x66\xd6\xde\xaa\x75\x28\xb5\x7f\xe7\x49\xcc"
	"\xcc\xe3\xd6\x30\xe8\x34\x0a\xf5\xbe\x34\xc0\x04\xe2\x10\x74\x9a"
	"\x0d\x43\x9a\x29\x7a\xdb\xfa\x09\x3b\xcf\xa0\x92\x72\x13\x5f\xb2"
	"\x45\x42\xa2\xd0\xd0\x63\xcd\xa7\xd9\xa0\xe3\x05\xb3\x41\x2e\xad"
	"\x43\x82\x30\x23\x37\x40\x82\x35\x03\xa6\x4a\x41\x49\x57\x14\x8c"
	"\xeb\xa2\x5d\xbb\x30\x80\xf0\x30\xe1\xf6\x11\xe6\x11\x21\x98\x69"
	"\x63\x57\x48\xe7\x2e\x96\xdd\x96\xdc\x8a\x90\xea\x56\x2d\x15\xdc"
	"\xbd\x18\x9e\x5a\xfa\x93\x47\x32\xb6\x1b\xba\x61\x37\x72\xb8\x21"
	"\x60\x78\x2a\xff\x13\xd1\xfe\x30\xe3\xf9\xb2\x01\x46\xdf\x90\x3b"
	"\x99\xdb\xc1\x0f\x02\xb3\x04\xd6\x72\x5d\x13\xe0\xa1\xcb\x6c\x57"
	"\x54\x6a\x2c\xc3\xf9\x43\x09\xc5\x3c\x80\x10\x11\xe8\x98\xb2\xc0"
	"\x4e\x60\xb4\x22\x88\xdc\x6c\xec\x52\x9e\x8e\x90\xb0\x11\x29\x4c"
	"\x36\xf1\x2b\x0d\x6a\x2c\x82\xa4\x37\x0e\xf6\xa0\x17\x0d\x02\xf3"
	"\x88\xd6\x0b\x88\x66\x20\xaf\xc3\xcf\xc6\xb4\xfb\xa3\xa1\x95\xad"
	"\xd1\x0e\x52\x99\x7c\x4c\x77\xc7\xc7\xc3\xf1\x65\xbb\xbf\xdf\x0d"
	"\xe8\x8f\xdd\x1e\x82\x24\x02\xe1\x92\x8f\x61\x12\x04\x9c\x86\x0f"
	"\xde\x43\x1c\x9b\xf5\xc1\x22\x97\xa4\xe7\x24\x28\x5c\x92\x0a\x33"
	"\x5f\xc7\xb0\xa8\xdc\x15\x7e\xae\xe3\x62\x84\xca\x7d\xb2\x46\x92"
	"\x51\xe6\x75\x8f\x4c\x1b\x5c\xba\x50\xda\x50\xf0\xc4\xed\x4b\xf0"
	"\x38\x25\xa0\x38\x62\xd5\x43\x86\xb8\xb2\x46\x48\xdd\x66\x86\xbb"
	"\xd1\x08\x32\x21\xc0\x03\x2c\x55\xc7\xd8\x98\x08\x43\x27\x05\xe3"
	"\x85\x5c\x80\x3d\xe2\x71\x1f\x14\xb3\x30\xe0\xf2\x9a\xdb\x1a\xa7"
	"\x87\x6e\x74\x4a\x84\x62\x24\xb2\x4c\xb3\xa2\xb1\x76\x14\x30\x41"
	"\xca\x42\xe6\xb7\x72\x3a\xe0\xf7\x84\x2c\xb2\x7c\x5a\x6d\xbe\xf5"
	"\x19\x6e\x65\x2a\xe2\x99\x71\xca\xcc\xa6\x9e\xb9\xb3\xe2\x38\x6b"
	"\xa1\x16\xae\x6e\xe9\xab\x8f\x6d\x10\xfc\x50\x25\x68\x6a\xa9\x7d"
	"\x1c\x83\x7f\x2b\x12\x8c\x53\xc0\x41\x01\x13\x73\x3d\x9a\x9f\x43"
	"\x20\xb7\xd7\xe3\x1e\x0a\xd5\x52\xd6\x84\x46\x1f\xc0\x03\x7a\x4d"
	"\xf4\x05\xe1\x9d\xbf\x2a\x42\xbf\xd2\xc1\x37\x5c\x86\x28\xa2\x0b"
	"\x12\xe5\x5a\x4a\xa0\xdf\x6b\x12\x65\xf4\x7a\xf8\x9f\x87\xdd\xf6"
	"\x61\x68\xfc\x67\xe4\x64\x57\xe0\xb5\x74\x09\x15\xf4\x21\xba\x0f"
	"\x23\xb2\x90\x5d\xb8\xd8\x48\x58\xbf\x5b\x7f\xb9\x20\x01\x38\x4c"
	"\xd1\x82\x83\x63\xbe\x8c\xbb\x09\x22\xeb\xc0\x31\x1a\x6b\x7b\x5a"
	"\xf1\x2a\xbb\x68\xcb\x0d\x65\x8b\xa5\x2b\xeb\x24\x33\xc7\x50\x60"
	"\x77\x99\x27\xc0\xfd\x2a\x32\x09\xa6\xea\x7f\xe1\x09\xb4\xc6\x64"
	"\x32\x76\x6c\x00\x6d\x87\x2a\x22\x8b\xcc\x88\x6e\x64\x9c\x76\x92"
	"\xcb\xda\x8c\x26\xd4\xd4\xd5\x10\x0e\x63\x4a\x44\x74\x07\xbf\x73"
	"\xeb\x24\x4b\x17\x45\x56\x5e\xe7\x3d\xe5\xf5\xc4\x1d\x9e\x65\x3a"
	"\xa1\xda\x4e\xbf\x69\xcf\x7f\xa5\xfd\x66\x7d\x97\x52\xc6\x8e\xe9"
	"\xf3\xf6\x84\xd6\x0f\x66\xf0\xbc\xbb\x2f\xaf\x5f\xea\x89\x16\x59"
	"\x61\x1f\xf7\x92\xdb\x67\x2e\x47\x4e\x6e\x59\x3f\x98\x44\x29\xeb"
	"\x49\x77\x69\xb8\xe7\xc7\xe3\xf9\xe4\xe2\x2c\x42\xce\x90\xff\x33"
	"\x28\x54\xc0\xee\x3e\x03\x17\x7e\x2c\x95\xd7\x8f\x40\x6f\xef\x12"
	"\x7e\x66\x8e\xab\x49\x3f\x0c\xb4\x03\x14\xce\x27\xe9\x99\x49\x46"
	"\x8b\xd1\xaa\x1f\xba\x64\xf2\x8c\x00\x63\x1a\x30\xd0\xc3\xd5\x39"
	"\x0c\xc9\xcf\xcc\x3e\x5e\xc3\x99\xd1\x17\xfc\xdf\xf8\xda\x08\xb7"
	"\xa6\xcb\x13\xd2\xd7\x21\x62\xe6\x65\x4b\x29\x81\x05\xb7\xfd\x8c"
	"\x72\x55\x12\x30\x1f\x67\x84\xba\x24\x7f\x9c\x91\x99\xf4\x33\x8f"
	"\xf4\x83\x6f\xe2\xf1\xe8\x8c\xd6\xc4\x32\x9e\x5f\x4d\x2e\xcf\x90"
	"\x0f\xe2\xd9\x6c\xd8\x0f\x17\x94\x44\x67\xa5\x0e\x04\xa6\xe3\xab"
	"\xf3\xf0\xc9\xd5\x3b\x1c\x5e\x4c\xce\x13\xb8\x38\xc7\x21\xd8\x5b"
	"\x7f\xc9\xd2\x33\x14\x28\x51\x2a\x3a\x27\xe3\xbb\xe4\x06\x02\x7a"
	"\x2a\xce\xc9\x21\xa1\x92\x9c\xdb\xff\x0a\xaf\x50\x6e\x47\x67\x38"
	"\x55\x74\x21\xce\x2c\xa5\x4c\x45\x70\xa6\xf3\x32\x4b\x82\x73\x1c"
	"\x96\x08\xe3\x7e\x8c\x2c\x61\x29\x5e\xce\xf4\x63\xac\x21\x64\x83"
	"\x58\xfe\xcc\x34\x6f\xd1\xa8\xf7\x83\xbf\xdc\x9e\x81\x81\x94\xe3"
	"\xb4\xe3\x80\x7a\xdf\xf1\x3a\xe3\xf5\xf5\x70\x3c\x19\x5e\xa6\x6f"
	"\x44\x43\xf0\xa3\xbc\x01\x92\xce\xc6\xea\xa0\xb1\x81\x8e\x00\x11"
	"\x9a\x29\x1e\x0f\x5e\xe6\xca\x70\x60\xa7\x58\xb6\xc6\xed\xbb\x98"
	"\x42\xd8\x4d\xc6\xc4\xaa\xe5\x62\xb3\x33\xae\xa9\xe6\x4a\x65\x5e"
	"\x2f\x90\xf1\x75\x2f\x0c\xa2\x95\x7e\x18\x91\xcc\xad\x3a\x65\x3a"
	"\x16\xb1\x3a\x82\xc7\xb6\xfb\xc3\xfe\x74\x3c\x3c\x63\xda\xf4\xe1"
	"\xf8\xf4\xa3\xf0\xf4\x8b\xc3\x6f\xfb\xb0\xc3\x60\x00\xb0\x76\x06"
	"\x9a\xb9\x56\x96\x5c\xc1\x55\x00\x57\x15\x1c\x9c\x65\x2b\x55\x6d"
	"\x71\x1a\x2a\xf8\x7b\x34\x1c\xf6\x22\x60\xef\x6a\x3d\xfb\x90\x68"
	"\x7e\x8b\x6e\xec\x6d\x2f\x91\x7e\x25\xad\x87\x28\x77\x0b\x44\x23"
	"\xf1\xc7\x10\xa9\x4f\xfa\x31\xc1\x88\x75\xc4\x1b\xec\xde\x9e\xbe"
	"\xee\x37\xdb\xa3\x96\x21\x44\x52\xf0\x0f\xd9\x23\xbb\x60\x93\xa7"
	"\xe0\xba\x9d\x97\x5d\xef\xf9\xa8\x49\xe0\x09\xd6\x0f\x5d\x31\x61"
	"\x7b\x06\xb5\x06\xd0\xfd\xc3\xeb\xe1\x69\xdf\xe6\x29\xa7\x49\xa0"
	"\xbd\x48\x67\xa7\xb7\xbf\x9f\x4e\xf7\xdf\xdc\xda\x63\xab\xfb\x06"
	"\xfe\x30\xe5\x2f\x15\xf5\xfb\x42\xcf\xb0\xc9\xd7\xeb\x66\x08\x1c"
	"\x06\xbb\xe3\x71\x7b\xda\x0e\xfe\x3e\x1c\xff\xda\x1e\x21\x06\x7d"
	"\x78\x1b\xfc\x78\xda\x0e\x4e\xdf\x76\x83\xed\x33\x04\xa4\xfb\xed"
	"\x09\xc6\x7b\x1b\x3c\x1e\xb7\x2f\x3b\xc4\xb2\x1d\x36\x8c\x3c\xa8"
	"\x00\x83\x9c\xc5\xf9\x7c\x3c\x9b\x8c\xfa\x0e\x20\x1b\xf1\xf2\xa3"
	"\x88\xd3\xe1\xec\x43\x88\xa3\xab\xe9\xe5\xf8\x23\x88\x93\xf1\xf0"
	"\xf2\xe2\x23\x88\xd3\x8b\xcb\x8f\xf1\x38\x9d\x4c\x3f\x84\x38\x1a"
	"\x8e\xa7\x97\xa3\xf9\x47\x30\x47\xf3\xf9\xfc\x72\xf2\x11\xcc\xe9"
	"\x6c\x32\x1e\x5f\x38\x7d\x27\x0b\xef\x62\x3a\x9e\x8e\xe6\xb6\xcb"
	"\xd4\x45\xf8\xd0\x34\x2e\xa7\xe3\xe1\xd5\xfc\xdd\x21\x61\x85\xa7"
	"\x93\xf9\xcc\x4a\x8f\x92\x35\x03\x48\x85\x31\x1e\x4f\x7a\x96\xa2"
	"\x8d\x38\x01\xf6\x3e\x84\x78\x39\xbd\x98\x7d\x04\x71\x32\x1c\xf5"
	"\x38\x73\xb8\xbb\xf3\x90\x44\x2b\x2e\x8c\x95\x1b\x4e\xfe\x3f\xc8"
	"\x57\xfd\xc8\x37\x41\x08\x3a\x3d\xac\xb1\x87\xc3\x99\x9b\x0f\xc9"
	"\x7d\x08\x83\x20\x74\x6a\x7c\x26\xcc\x75\x41\x44\xed\x3e\x7e\xc0"
	"\x64\x45\x0c\x43\xb8\x9a\x8f\xd9\x68\x36\x1c\xce\x87\xe3\x0f\x73"
	"\x4e\x47\xc3\xe9\xa8\x77\x5d\xa7\x2b\x9d\x7d\x90\x5d\x1d\x1a\xcd"
	"\x4a\xd0\x19\xed\x99\x4d\x1d\x38\x16\xc6\x9a\x14\xf9\x82\xc9\x55"
	"\x77\x84\x0a\x36\x9d\xbf\xd7\xfd\x7a\x72\xd5\xce\x98\x54\x5d\xbb"
	"\xb9\x94\xa2\xc7\x74\x6e\xa8\x49\x9a\x41\xe3\x02\x6d\x32\x23\x49"
	"\xef\x0d\x4a\xec\x5b\xa9\x29\xdd\x26\x63\xd7\xbd\x71\x22\xf4\xdd"
	"\xd7\x75\x9d\x71\xa9\xfc\x04\xeb\x1e\xb9\x88\x09\xf5\x15\x64\x55"
	"\x60\x55\xe2\xbd\x87\x23\xe0\x5f\x66\x5a\x57\x63\xc1\xa0\x8b\x94"
	"\xf1\xeb\xd1\x78\x3e\x34\x8a\x4a\x32\xe7\x65\xde\x92\x47\x14\x2f"
	"\x59\x75\x9a\xa1\x55\xb8\xd2\xf2\x1f\x1a\xc0\xf8\x62\xd8\x42\x9d"
	"\xf4\xb8\x1a\x05\x15\x37\x99\x6b\x20\x63\x0b\x76\x29\xb0\x38\xa4"
	"\xef\x26\xb8\x4c\x6b\x82\x1a\xe9\x7c\xa6\x23\xbd\x5b\x4c\xa6\x10"
	"\x0f\xe6\x3a\xda\xa9\xec\xa2\x58\x09\xe0\xa5\x24\x7b\xc1\x9d\x64"
	"\x62\x19\xdf\x44\xd4\x57\x95\xf8\x5d\x03\x84\xe0\x5c\xb8\xc8\x37"
	"\xf9\xfe\x34\x4c\x30\xb3\xc5\xcc\x5c\xf2\xa6\x95\xec\x6d\x12\x8d"
	"\xcd\xe4\x97\xd9\x82\xaa\xc8\x0b\xa5\x2b\x3b\x8f\xc0\x3c\x8d\x83"
	"\x22\x27\xec\x10\x8c\x4f\x40\xbe\x10\x4b\x27\x54\x5f\x4a\xb5\xf7"
	"\x42\x10\x13\x9d\x29\x66\xdc\x91\x74\x44\xa0\x06\xe4\xc0\xf6\x22"
	"\x89\x81\xc9\xeb\x2b\xab\x16\x14\xab\x6a\x96\x24\xe0\x1b\x4c\x63"
	"\x45\x45\x92\xcf\xad\xb9\x32\x85\x78\x5e\x73\x9a\xaa\xb2\xa8\xa0"
	"\x9a\x2c\xf5\x31\x6d\x68\x39\xf9\x44\x10\xac\x06\x72\x7b\x5b\x25"
	"\xb0\x5d\x01\xe4\x44\x5e\xd1\x5b\xea\xf6\x72\x7d\x41\xe4\x32\x0f"
	"\xb2\xd8\x1d\xd6\xde\x52\x77\xa2\x83\xaf\xa2\x69\xbe\xc8\xdc\x85"
	"\xa4\xfa\x52\x53\x97\x5f\xe0\x9e\xe2\x02\xbc\x5a\x4c\x95\x36\xd7"
	"\xc2\x09\x26\x4a\xcb\x94\x1c\x38\xa3\x34\xea\xd9\x3b\x3a\x29\x9d"
	"\x7b\x82\x24\x3a\xa5\x46\x03\xe6\x2b\x2e\x9c\x59\x40\x8d\x49\xa3"
	"\x31\x44\x96\x88\xd3\x4e\x32\xe7\x52\x7a\x81\x5d\x1b\x86\xd7\xc9"
	"\x6b\xd0\xd5\x88\xdc\xf1\x4c\xf5\x1a\x56\x45\x16\x0b\xbc\x56\x0e"
	"\x02\x91\x13\xcf\x08\xda\xca\x24\xef\x3a\x90\x46\x7e\x26\x66\x8a"
	"\x2d\x30\x8b\x29\x53\xe0\x43\xd0\x8a\x79\x38\x9f\x80\xab\x3b\x8b"
	"\xab\xf5\xdc\xb8\x74\x36\x14\x61\x93\xe6\x34\xce\xa2\x56\x4e\xdd"
	"\x4f\x47\x17\x79\x75\x77\xe3\x80\x4b\xaa\xc0\x6a\xbb\x20\xa5\x00"
	"\x36\xb9\x52\x9e\x18\x82\xe2\xd4\xd5\x4f\x00\xf9\x31\xff\x3c\x1a"
	"\x6c\x8f\xf7\xdf\x9e\x4e\xbb\x7b\xf0\x8e\xb7\xcf\x66\x59\x8b\x45"
	"\x01\xb6\x29\x09\x03\x2f\xee\x1e\x24\x9d\xc1\x22\xd8\x4b\x44\xf1"
	"\x98\xf9\x8e\xf3\x72\xbd\xa4\x1d\x0f\xbd\xe0\x64\xfc\x41\x4e\x32"
	"\xc2\xbb\x64\xd3\xd8\x8e\xb0\x2c\x20\x68\x39\x56\x59\x77\xa5\xb2"
	"\xee\xd8\x02\x30\x6b\x19\xec\xd4\x34\x32\x4d\x11\xde\xb2\xc1\x3a"
	"\xd9\x46\xad\xb8\x52\xc1\xcb\x6e\xbc\x64\x74\xb5\x97\xb4\x04\x5d"
	"\xe0\x15\x76\x79\x37\x5b\x24\x23\x0e\xc0\xe6\xe1\x15\x53\xc0\xc6"
	"\xf4\xfc\x38\x40\x1b\x75\xfd\xe9\xfe\x2b\x04\x23\xaf\xf9\xc3\xd3"
	"\xdb\xf6\xcf\xe7\xdd\xf5\x2b\x08\xe1\x0d\x24\xf1\xaf\x97\xdd\xcb"
	"\xe1\xf8\x73\x00\xc1\xc8\xe1\xf0\xfa\x96\xc3\x4f\x80\xec\x8e\x3f"
	"\x76\xd7\xd3\xd8\x28\x30\x28\xe9\xe4\xa1\x00\x37\xc7\xe3\x5c\xe1"
	"\x1d\x21\x75\xed\x9c\x0a\x13\x84\x53\x94\xde\x76\x69\xb4\x4b\x14"
	"\x6a\x0c\x1a\xba\xc3\xc4\xa2\x2c\xac\x90\x26\x49\x53\xa0\x0b\x1b"
	"\x28\x50\x5e\xce\x62\x38\xbb\xde\xed\x52\x1a\x06\xdc\x5f\x98\x22"
	"\x42\xc9\x61\x2d\x84\xeb\xd6\xd4\xe8\x95\x25\x55\x07\x18\xac\x20"
	"\x61\x95\x91\x8b\x3b\x0e\x2a\x92\xe9\x1a\x7c\x22\xc0\x58\x06\xef"
	"\x10\x0c\x54\x0e\xae\x85\x28\x2e\x23\xac\x3d\x6f\x5c\x2b\xe8\x8b"
	"\xc8\x25\x8d\xd2\xe2\x0e\xa4\x88\x5b\x0f\x7f\x43\x9c\xfa\xb2\xdd"
	"\x6f\xbf\xee\x5e\x76\x7b\xc7\x32\xcb\x4c\xa6\x56\xa1\x73\xd9\x60"
	"\x94\x14\x35\xde\x55\x09\x92\x2b\x96\xea\x3b\xdb\x1e\xff\xd7\x83"
	"\x29\xeb\x8d\xef\x4a\x38\xc5\xb9\x8c\x28\x35\xee\x43\xaa\x96\xf2"
	"\x96\xa4\x31\x8b\xb1\x2e\xa0\xd1\x30\x37\xa1\x0d\x59\x51\x5d\xb6"
	"\x6c\x11\xab\x5b\xcb\x67\x07\x43\x8b\x64\x03\x5d\xf8\x4e\xaa\x2d"
	"\x16\xfa\xea\x94\x00\xe4\x47\x2b\x6b\xe0\xea\xea\xa7\x49\xdb\xd5"
	"\x84\x36\x37\x79\xca\x37\x68\x2d\xc3\x90\xf9\x8c\x36\xb7\xf8\x6e"
	"\xd2\x2d\x52\x0e\x91\xb5\x31\x78\x68\x15\x7f\x15\x13\xa9\x36\x07"
	"\xa0\x2e\xdc\x4e\x92\xb1\x58\x58\x0d\x22\x99\xc3\x13\x2b\x57\xdd"
	"\x00\x57\x75\xc6\xa5\x7e\xc5\xb5\x7e\xd5\x89\x34\x80\xb1\x87\xe7"
	"\x9d\x61\x4e\xb0\xe4\x35\x30\x89\x57\x2d\x45\x4d\x4c\x1a\x55\x45"
	"\x05\x76\xbd\x55\x85\xb4\xe0\xeb\x3c\x82\x93\xaf\x27\x93\x6b\xe1"
	"\x81\x5b\xe4\xba\xf4\x80\x5d\xa4\x51\xb0\x6a\x98\x4a\xe3\xe0\xa9"
	"\xd9\x1d\x04\x75\x46\xa7\xb1\xc3\x48\xbb\xe4\xbc\x9e\x5b\x78\xdc"
	"\xfd\xfb\xfb\x6e\x7f\xff\x73\xf0\x76\xbf\x7d\xb6\x4a\xaa\x91\x13"
	"\xd8\x3b\x37\xf6\x44\xb1\x45\xf3\x46\x94\x12\x79\x51\x80\xd7\x06"
	"\x23\x5f\x8e\x66\x74\xaa\xa4\xa3\xbd\xaa\xcf\x40\xaa\x7d\x45\x50"
	"\x4e\x5c\x54\x44\x09\x8e\x62\xaf\x20\x3b\x5d\xd0\xb4\xe8\x12\xbb"
	"\x8f\x77\xe1\x60\x69\x81\x9f\xe0\xe3\x3d\xb0\xac\x96\x8a\xb5\xbe"
	"\xcc\xfd\x78\x2f\x1d\xac\x64\x8a\x45\x3d\x65\xd6\xb5\xe0\x6d\x11"
	"\x39\x31\x2a\xc1\xf4\xc0\x6b\x29\x38\x45\xfc\xf1\x49\x7f\x78\xb2"
	"\x7d\x15\xd0\x16\xa5\x5a\x00\xa6\x7e\x3e\xb6\xf5\xd3\x95\xab\x04"
	"\xc4\x42\x9c\xaa\x8f\x83\x02\x9c\xc5\xf1\x5d\x5f\x3e\x41\x87\xe8"
	"\x10\x47\x28\xd8\x57\x65\x87\x5e\x54\x9d\xe8\xa8\xa8\xe2\x21\xe8"
	"\x76\x91\x6c\xbc\xe5\xa6\xe5\x5e\xb5\xc1\x67\xee\x1e\x6a\x39\xb5"
	"\x52\xd5\x4d\xea\x85\x0b\x76\xe3\xe2\x5b\x8b\x29\x7c\x3a\xbe\xfc"
	"\x8d\xa9\x6c\xa7\x55\x48\x25\xa6\xf6\x3b\xdc\xe9\x66\x5d\x25\xda"
	"\x7b\xe7\x04\xe7\x9d\x1f\xe3\xe5\x06\x57\xdc\xe7\xd1\x19\xac\xf4"
	"\x23\x58\x01\xcd\x75\xe1\x43\xd8\xb7\x3f\x43\x26\xe2\x0d\xc4\xa2"
	"\x18\x2c\x43\xb4\xe3\xc6\x81\x78\x31\x2c\xab\x87\x1c\xcb\xa2\x65"
	"\x0e\x5c\x37\x3b\xa3\x6a\xc9\x75\xd5\x8c\x9d\xcc\xc2\x66\x88\x40"
	"\x13\xf4\xf4\x8a\x3a\x87\xfe\xc3\xae\x8c\xc6\xa1\x53\xec\xfb\x56"
	"\x2e\x67\xc1\xf9\x02\xab\xec\x4b\xee\x3b\xcb\xa3\x76\x5f\x8f\xdb"
	"\xc1\x63\xb5\x48\x85\x82\x9b\xfa\x8d\x21\x69\x06\x71\xf2\x97\x3e"
	"\x5f\xa4\xac\xd6\x11\x77\xa9\x79\xaf\x5d\xfc\xc6\x28\x7a\x7c\x31"
	"\xab\xeb\x82\x8c\x28\xb5\x02\x5f\x8c\xc6\x05\xd8\xf9\x42\xaf\xc2"
	"\x1a\x55\xc3\x50\xe7\x10\x26\xf4\xdc\x18\x79\x9f\xf1\xad\x51\x27"
	"\x5d\x66\x3a\x58\xf1\xe4\x63\xd4\xe2\xa9\x13\xcf\xc6\x5a\x2c\x31"
	"\x5e\x3f\xc3\xbf\x2f\xfc\xc9\xf8\x03\x84\x08\x95\xed\xfa\xab\x36"
	"\xc4\x25\x3e\x13\x98\xfb\xa6\x72\xba\x10\x3c\xd3\x5b\xeb\x20\x60"
	"\x21\x8e\x13\xc5\x5f\x12\xf8\x33\x1e\xb6\x4a\x75\x4a\x68\xca\xa3"
	"\xbb\xd1\x64\x78\x51\x41\xdb\x12\x68\x06\xf0\x64\x47\x81\xab\x97"
	"\xb3\x46\xa0\xb9\xfb\xed\x61\xf7\xba\xdb\x3f\xd8\xae\x7a\x13\x39"
	"\x14\x05\x3e\x0e\x49\xfe\x91\xc5\x29\xf8\x47\x9e\x1d\x69\xa0\x47"
	"\x01\x3e\xe2\x8a\x62\xf6\x8a\x46\x61\xcf\x6b\xdb\x4e\xdd\x90\xde"
	"\x94\x8d\xab\x9a\x25\x3a\xdb\x84\xa9\x07\x1f\x9f\x64\xb5\x5f\xd0"
	"\x3a\xbb\xaf\x04\x55\x4e\x80\x55\x47\xdc\x24\xe3\x74\xa5\xd8\x92"
	"\xf3\x55\x0b\x88\x29\x2f\x2c\xa8\x63\x8b\x8c\x67\x8e\xe2\x2e\x88"
	"\x1a\x0a\xb7\xae\x78\x10\xe9\x78\xf9\x88\x40\xac\x2d\x46\xb7\xcb"
	"\xac\xca\xaa\x33\x72\xe0\x17\x28\x16\xde\x55\xe5\xf1\x5d\x04\xe8"
	"\x58\x66\x1a\x9d\x9c\x17\x8f\xa3\xa5\x12\x99\xaf\xf2\xcd\x92\x29"
	"\x6a\x3f\x8b\xd2\xa8\x10\x78\x83\x2e\x60\xf4\x84\x29\xb9\x52\x92"
	"\x10\x93\xb6\x85\x81\x65\xaf\xad\x26\x2b\xd0\xd0\x2d\x70\xec\x79"
	"\x30\x68\xf1\x12\xc1\x55\x09\x8b\xa3\xb9\xda\x8b\x6a\x55\xcd\x01"
	"\x26\xda\x5c\xd3\xb1\x54\xc9\xe2\xcc\xcf\xf2\xa2\x0c\x2d\x2c\xde"
	"\xf9\xda\x62\x2a\x96\xb6\x78\xcb\xe4\xc7\x29\xd6\xf4\xb5\xc9\x97"
	"\x5a\x54\x4a\x0a\xb3\xc7\xed\x99\x16\xfd\x8a\x37\xde\x3d\xb0\x80"
	"\x67\xdd\x20\x45\xa7\x5e\xcb\x34\x18\x4b\xfd\xbc\x78\x09\x5b\xbd"
	"\x20\x77\xcc\xb2\xcc\x71\xc2\xf1\x12\x59\x6f\x95\xfa\xda\x8b\xcc"
	"\x2a\x0a\x0e\x4f\x64\x9d\xd8\xb3\xde\x24\x68\x35\xb1\xc0\xfa\xad"
	"\xa7\x41\xb8\xa7\x6f\xab\x13\xc8\x86\xf7\x3f\xc0\x8a\xd0\x22\xd9"
	"\x9f\x12\xb0\x11\xd4\x92\x25\x91\x79\x9a\x61\x8f\xa4\x75\x9d\x50"
	"\x53\x79\xf7\x59\x98\x2b\x95\xdc\x58\x97\x36\xb0\xef\x78\xc7\xed"
	"\x8b\xd7\x67\xb8\xc5\x57\x56\x29\xae\x06\xf7\xbc\x32\x6d\x61\x9d"
	"\x7d\x61\xaa\x31\xf0\xfa\x25\x4f\xb3\xc0\xd9\x1c\x07\x3d\x46\x27"
	"\xc1\x9b\x06\x5a\x26\xee\x1d\x2a\x59\x68\x37\x26\xf5\xd7\x31\x49"
	"\x3b\xb4\x83\xea\xba\x82\xfa\x58\x7d\x6c\xa4\x5f\x75\xbe\x4d\xea"
	"\x5c\x3e\x3e\x90\xc0\x3a\x55\x87\x69\xd1\xa0\x2a\x49\xe7\x1a\xda"
	"\x2a\x09\x6e\x11\xb0\x61\x4d\x2d\xb1\xa3\xb7\x51\x07\xdc\x47\xc4"
	"\x44\x69\xca\x89\xfd\x08\x6b\x5e\xf1\xa9\x1c\x78\x61\x81\xd1\x99"
	"\xe3\xa7\x16\xd8\xa2\x4c\x0f\x4c\x3a\xd9\xe8\x12\x5e\x14\x91\x76"
	"\xa0\x93\xb1\xc7\x8a\x0b\x03\xd7\xa4\x51\xd4\xed\xbb\x0b\x57\x5b"
	"\x63\xa1\x15\x98\x7a\x55\xe5\xeb\xc4\xe6\xd6\xdc\x60\xbd\xa0\x76"
	"\xf7\x2a\x47\xea\xe8\xee\x02\x09\x1a\x6a\x55\x6c\xbd\x74\x31\x2e"
	"\x98\x60\xd1\xc1\x03\x2a\x33\xb6\x58\x4b\x6b\x3e\x95\x4c\xe0\x70"
	"\x02\xaf\xa3\xa6\x42\x85\xe0\xc2\xc1\x9c\xfd\xf1\x8e\xf2\x57\xe1"
	"\x41\xf8\x7c\xfd\x5b\xf1\x21\x94\xbf\x8a\xba\x92\xd7\xe3\xe1\xf1"
	"\xc9\x4e\x48\xd4\x74\x10\xbb\xac\x87\xa7\xf6\x0b\x95\xa2\x72\x19"
	"\xac\x18\xde\x73\x5a\x15\x67\xb0\x33\x63\x7c\xa9\x63\x9e\xe2\xfa"
	"\x19\x8b\xc4\x87\x0c\xcd\x57\x4e\x4a\x6d\x37\xcd\x43\x29\xb1\xe2"
	"\x06\x06\x43\x01\x87\x79\x28\x71\xb2\xa4\x7c\x38\xe2\xee\x5c\x80"
	"\xdd\xdd\x4b\x13\xef\x1a\x59\x0a\xbf\xfe\x4c\x88\xf3\x51\x55\x85"
	"\x67\x3e\x10\x6e\xda\x8a\xc1\x9d\x90\x56\x89\x9d\x01\x41\x87\xdf"
	"\xe9\x59\xdb\x38\xe3\xf1\xf4\x23\x58\x3d\x15\x14\x36\xd6\x64\x3e"
	"\x3d\x3b\xb7\x32\x8c\x70\x4e\x04\x3d\xf8\xeb\x4f\x6f\xdf\xb6\x80"
	"\xf0\xa9\x33\x40\x95\xc5\x76\x32\x01\xdb\x22\x86\x95\xc9\x74\x8e"
	"\x1b\x9f\x37\xf5\x32\x21\x8b\xc7\xe8\x11\xf8\x76\xa6\xfb\xe5\xd9"
	"\x97\x8e\xf8\x7a\x51\xfa\x92\x81\x82\xdf\xe0\x65\x9e\xf5\x76\xa9"
	"\x7c\xd9\xe8\x49\x77\xa0\x6f\xc0\x5b\x1f\x3e\xe9\xa0\x60\xa8\xbc"
	"\x10\x4c\xdd\x9d\xc5\xc2\xcb\xc2\xe0\x2c\x06\x38\x7d\x5c\xa9\xa8"
	"\xef\x96\x53\xbf\x41\x2e\x6f\x2d\xb4\x2f\x22\x7a\xd1\x36\x9e\xea"
	"\x27\x51\x3c\x84\x65\xf8\xa9\x00\x9a\xf8\xfd\x4c\xe3\x2a\xf0\x94"
	"\x44\x3d\xcf\x42\xc1\x29\xd0\x37\x2b\x89\x8e\x4b\x2c\x7b\xec\x04"
	"\x63\x3d\x4a\x54\x3e\x8f\x2e\x2e\x12\xb6\xc7\xd3\x13\xc6\x23\x03"
	"\xf5\xf3\xd5\xbc\x05\xd3\x4f\x72\x74\x17\x12\xac\x31\xb9\x66\x6d"
	"\x63\xe2\x73\x91\x34\x38\xee\x24\x06\xbb\x7d\x07\x83\xcb\xf0\x3d"
	"\x1a\x31\x1c\x34\xef\xe1\x28\x22\xd8\x3b\x38\x31\xf1\xdd\x18\x15"
	"\x5c\x06\x5c\x36\x18\xed\x4f\x56\x04\x4c\xae\xb4\xe7\xec\x26\xce"
	"\x12\x98\xaa\xcc\xbc\xf3\x3c\xe0\x77\x21\x04\x93\xf9\xed\x7c\xf6"
	"\x0e\xb7\x19\xd0\xd3\x89\x9d\xf3\xe3\x46\x41\xfc\x0e\x21\xb9\x78"
	"\x4f\x30\x59\x04\xfb\xfd\xbd\x75\x92\xd9\x7b\x6b\xbd\x82\x60\x98"
	"\x9c\x95\x30\x0d\x99\x5b\xbe\xf8\xb9\xa4\xd9\xfc\x1d\xfa\xc6\x96"
	"\xeb\x1d\x41\xdb\x9d\xce\xf5\x19\x6e\x83\xf8\xa6\xac\xc1\x2e\x3e"
	"\x60\xc4\x9b\xef\x2b\x18\x0a\xcf\x78\x51\x1f\x93\x70\x6e\x5d\x57"
	"\x55\xed\x01\xc4\x82\x51\xeb\xd9\x4b\x0b\xc5\x0f\xcd\xdb\x81\xf0"
	"\x26\xaf\x76\x79\xeb\xdb\x03\x55\x9e\xbb\xc0\x37\x9e\x14\x16\xcd"
	"\xc8\xc1\x99\x0f\x51\x55\xe4\x3e\xdd\x3f\xfe\xbb\xfe\x08\x15\x4c"
	"\xb1\xcd\xa8\x71\x30\x34\xc0\xd5\x9d\x67\x46\x3f\x55\xb3\x67\x72"
	"\xee\xf5\x73\x4e\x64\x32\x32\xde\x81\x26\xa5\x81\x91\x29\x4b\xf4"
	"\x69\xde\x5f\x58\x54\x5c\xd5\xe7\x22\xde\x98\x8f\xa6\xf1\xad\xb0"
	"\xee\x0c\x76\x86\x6f\x12\x93\xb5\xe2\x05\x59\x0f\x50\x2f\x75\x0f"
	"\xac\x7a\xf2\x9b\xeb\xaf\x6c\x05\x1a\xad\x75\x9b\xd8\x0f\x69\x77"
	"\x16\x1b\x77\xd7\x4e\x7b\xc1\x6e\x2a\xf0\x73\x33\x1b\x77\x81\x50"
	"\x82\xbc\xea\xeb\xde\x34\xc5\x58\x08\xeb\x3d\x30\x57\x50\xdd\x3d"
	"\x74\x9c\xd7\xa2\xe8\x3f\xdf\x08\xbc\xe1\xfe\x2f\x63\xd7\xd6\x1c"
	"\xb7\xad\xa4\xff\x8a\x2a\x0f\x5b\x49\xd5\xd9\x5a\xcd\x8c\x34\x96"
	"\x4e\x55\x1e\x40\x12\x1c\xc2\xe2\x4d\x04\xe7\x22\xbf\xb0\x1c\x5b"
	"\x27\x51\xad\x8f\x9d\xb5\xe4\xb3\x39\xfb\xeb\x17\x0d\x90\x43\x00"
	"\xec\x06\x26\x55\x8e\x3d\xdd\x4d\x10\x00\x71\xe9\x6e\x34\xbe\x76"
	"\x4e\x6c\x77\x0f\x10\x42\x9d\x41\x40\x4a\x06\x27\x59\x9a\x8a\xef"
	"\xe7\x96\x68\xc7\x77\xa0\x6b\x5f\x28\x3d\x39\xca\x2e\x93\x96\xda"
	"\xd0\xb8\x58\x54\x36\xe9\xa5\xe2\x10\x67\x77\xa9\xec\xe8\x1a\x8e"
	"\x8a\xc3\x2d\xc8\xf4\x69\x38\x82\xf5\xaa\xba\xd8\x70\xa2\xf5\x06"
	"\xa4\x8d\xea\xf2\xaa\x64\xbc\x49\xf6\xf9\xfa\xd2\x07\xf6\x32\xb9"
	"\xb8\x07\x1b\xb8\x23\x29\x31\x71\xac\xff\xf6\x93\x20\x31\x84\xc0"
	"\x04\x8f\xbe\x99\xc1\xd9\xba\x1a\x0f\xb9\x38\x61\xf1\x58\xe7\xa8"
	"\x02\xbd\xc6\xf2\xbf\x9e\x3f\xfd\x78\x83\xb8\x12\x0d\x1d\x79\xa5"
	"\xaf\x63\xbf\x59\xab\x6d\x22\xea\xbc\x82\xb0\xac\x7c\x61\x41\x62"
	"\x2c\xf5\xc3\xbf\x46\xae\x2f\x3e\x82\xaf\xeb\xbc\x30\x82\xc9\x3d"
	"\xc2\xfd\x60\xdb\x83\x29\x56\xa6\x9d\x68\x5d\x25\xd4\x30\x2a\x21"
	"\xb1\xc0\x01\x78\xcd\xe8\x51\xd3\x2d\xab\x4c\x74\x4c\x15\x0a\xbd"
	"\x40\x43\x18\xe7\x23\x99\x31\x7e\xb1\x62\xf5\x1e\x55\xec\xe6\x10"
	"\x49\x23\xe2\x03\xc1\x39\x37\x48\x8d\xbb\xc2\xbc\xaa\xd5\xe0\x76"
	"\x3d\x22\x0f\xb1\x37\x1d\xb7\x6d\xf2\x99\x75\x30\xc7\x47\x8b\x78"
	"\xca\x85\xc4\xf2\xa5\x9e\xaa\x5f\x37\x3a\x10\xc8\xa9\xdf\x58\x35"
	"\x1b\x15\x6b\x56\x9c\x9c\x38\x5c\xb4\x27\x74\x28\x63\x6f\x76\x76"
	"\x08\xf2\xbd\x71\x06\x8b\xe7\x82\x40\xa0\xff\xda\xe2\x49\x9a\xc0"
	"\xba\xfe\x7c\xf7\x7b\xd6\x5a\x64\x15\xd8\x67\x75\xa7\x28\xdd\x4e"
	"\x3f\xfe\xeb\x66\xfd\x6e\x7b\x87\x6f\x6d\x63\x33\x72\x26\xca\xbd"
	"\x3b\x46\x5d\x0e\x61\x6e\x2d\x3d\x55\xb8\x0a\x54\x72\xa5\x86\x43"
	"\x8c\x29\x7e\xd0\xd7\x35\x75\x0f\x38\x4b\x68\x00\x16\x73\xa3\xae"
	"\x18\x19\xfe\x02\x3c\x55\x19\x26\x7f\xb5\x80\xb1\x3e\xb4\x0d\x71"
	"\x50\xf9\x21\xd9\x63\xf6\xfb\x07\x59\x4d\xe1\xc3\x73\xcc\xcd\x78"
	"\xd5\xb9\x32\xbb\x1f\x5e\xdc\xf8\x9c\x3e\xe0\x40\xb1\x14\x18\xb8"
	"\xb0\x3f\xa8\xa1\xbe\xef\x76\xb0\x87\xe6\x4c\x7b\x5d\x6d\x08\xd2"
	"\x6a\x02\x5c\x20\x0a\x99\xce\x0f\xf4\x8d\x6c\xa5\xe2\xa8\x79\x61"
	"\x8f\x6d\x03\x96\xc5\x07\x06\xdb\xb5\x76\xa9\x74\x3c\x2d\x99\xa8"
	"\x3c\x55\x8d\x77\x9d\xeb\xf2\xd6\x90\x3b\x68\xb3\xcc\x49\x05\x88"
	"\x4c\x9e\x52\x3c\xdc\x96\x77\xe0\x2d\xd5\xe0\x77\x94\xcb\xf5\x1c"
	"\xab\xa0\x54\xa0\xe3\x34\xbe\x1e\xe0\x5a\xbf\xab\x1f\x00\x3e\x93"
	"\x32\xfb\x8a\x8a\x75\x24\x48\x18\xe8\x18\xed\x18\x47\xea\xa0\x2f"
	"\x4c\x08\x7d\x73\xc3\x67\xdc\xa4\xc5\x72\xad\x68\x4a\x07\x7c\x80"
	"\x1b\xcb\x72\xbc\xbc\x60\xa1\x2c\xa9\xb6\x76\xce\xc9\x12\x10\xf9"
	"\x44\xd3\x2b\x6a\xfd\xfc\x06\x97\x9e\x20\x98\x61\xb1\x94\xaa\x96"
	"\x3e\xb8\xa0\x56\x86\xa2\x2c\x23\x86\x0d\x5f\xb0\x9c\x1c\xfd\xf4"
	"\x34\x9e\x6e\x3b\xb6\xd5\xe2\xe9\x79\x36\x96\x58\xcf\x9f\xf2\xce"
	"\xea\x04\xf8\xa5\x11\x0d\x3c\xd2\x88\xfe\x63\x93\xce\xe7\xf7\x76"
	"\x0d\x34\x47\x59\x8b\x70\x76\x25\xd2\x27\xe2\x7d\xe3\x62\xc6\xbd"
	"\x12\xf5\xc9\x9f\xec\x4d\xd0\xab\xf3\xaa\x76\x0c\xed\xb6\xfa\xf9"
	"\x81\x3b\x20\x07\x23\x69\x2a\x19\x7b\x71\xd6\x6a\xa0\x2e\xee\xe2"
	"\xa1\x58\x64\xaa\xe3\x85\x33\x34\x44\x6b\x82\xbf\x5c\x4c\x50\x45"
	"\x9d\x7c\x09\x83\x32\x2f\x7a\x77\xc8\x0a\x38\x9b\x49\xc0\xfd\xc4"
	"\xc9\x29\x30\x95\x0b\x41\x65\x7a\x35\x91\x5e\x09\xba\xd8\x51\x86"
	"\xb9\xd8\x6d\xbe\x90\x52\xc4\x93\xc6\x0e\xa9\x55\x9c\xb6\x6e\xfd"
	"\xdf\x43\x56\xa4\xad\xf7\x16\x20\xc3\x46\x87\x87\x5c\x8c\x02\x1d"
	"\xeb\x70\xbe\x9e\x16\x2d\x1a\x6c\x6a\x58\x3b\x50\x6c\x78\xb5\x3f"
	"\x79\x53\xa9\x05\x58\x31\x2f\xe6\xf4\xfc\x04\x55\x95\x4a\xb7\x16"
	"\x45\x9e\x52\x2a\x7e\xd3\x3c\x88\xc5\x94\x6d\x0f\xbd\x70\x49\xfb"
	"\x8c\x7a\x77\xde\xec\xc9\x46\x2a\xde\x5c\x69\x49\x0c\x9a\x81\x15"
	"\x36\xa2\x19\xac\x0e\xd2\xed\xef\x91\x06\xa8\x46\x84\xbb\x58\x98"
	"\x6a\xbb\x13\x40\x13\xcd\x96\x03\xc8\x5d\xfb\x2e\x19\xc6\x6b\x02"
	"\x5b\x47\x44\xcf\x9e\x73\xe3\x9c\x87\x31\xa2\x99\x9b\x10\xfb\x62"
	"\x76\x6e\x17\x5e\xc5\x93\x08\x17\x90\x70\xee\x3f\x0b\xb3\xcb\xaf"
	"\x45\xda\x62\x64\xf8\x24\x23\xd9\xed\xaa\x8e\x1d\x43\x93\x54\xf3"
	"\xd4\xf0\x82\xf3\x48\x67\x75\x80\xf7\xa8\x7f\xee\xce\x73\x14\x03"
	"\x59\x9d\x64\xd2\x7d\x62\x9f\x89\x4d\x2a\xd3\xc4\xff\xf5\xa7\x4f"
	"\x3f\x7e\x7b\xf9\xf4\x93\x5b\x7a\x95\xdd\x4a\x81\xd6\xab\x3d\x6c"
	"\xed\x79\x77\xd8\x8e\xeb\x03\x68\xb4\x39\xc6\xd1\x88\xe5\x1e\xc3"
	"\xc0\xc2\xc1\xda\x38\x64\x2c\x73\xbb\x6b\xbb\x18\x66\x5b\x6c\x9c"
	"\x6d\x2f\x18\x68\xdb\xe5\x48\x83\xb7\x57\xa2\xdd\xba\xcb\x84\x22"
	"\x8a\x92\x91\xa5\x90\xe3\x6e\x4b\x50\xa3\x23\x6f\x1b\x19\x7a\xdb"
	"\xe5\xd8\xf3\x5a\x3f\xf3\x75\x2f\x8f\x40\x7b\x54\x98\x95\x6e\xa2"
	"\xb3\x56\x68\x8a\x74\x95\xec\x89\x36\x6c\xbb\x8c\x2a\xa4\xce\x94"
	"\xf1\xa5\xcc\x87\x8c\xf7\x4f\x2d\xf7\xca\x5b\x2e\x3c\x9a\xec\xad"
	"\x79\xce\xb7\x58\xec\x11\x4e\x5d\xf6\x09\x9c\x5b\xc8\x45\x89\xcb"
	"\xa5\xd2\x6b\x04\xdf\x6d\x87\xf2\x68\xea\x13\x11\x53\x8a\x57\x8a"
	"\x2f\xf0\x5e\x04\x86\xa2\xc0\x75\x01\x88\x4f\x00\x5d\xcd\x5d\x77"
	"\xdb\xbe\x85\x03\x7d\x29\x45\xee\xef\xe4\xfa\x21\x65\xdd\x98\x30"
	"\xe2\x9e\x55\xbe\x52\x3d\x8b\xfa\x21\x0f\x67\x12\xea\xda\x4f\x3a"
	"\x91\xed\xf8\x2c\xb4\x08\x6f\xd2\x97\xff\x95\xd2\xa6\x0c\xfb\xb7"
	"\xe7\xef\x54\xa6\x87\xf9\x25\x98\x0a\x38\xb2\x46\xdd\x11\x63\xe5"
	"\xac\x12\x4a\x3d\x37\xb5\x09\x08\xa8\x5d\xd6\xeb\x19\xb7\x6c\x0a"
	"\x2f\x7a\x29\xa8\x3d\x7b\x81\x5a\x02\x90\x6f\xf8\x55\x8d\xc4\x70"
	"\xf7\x6a\x00\x51\xac\x6b\xad\xfa\x5b\xc5\xe7\x06\x44\x78\x01\x66"
	"\x3e\x32\x54\x99\x19\x3f\x04\x2b\x0e\xa5\x4e\x08\xe1\xc8\xbb\x06"
	"\x6f\x3c\xd9\xac\x79\xb4\xd9\xef\x9d\xf9\x70\x4e\x86\xfb\x82\x1c"
	"\x31\x30\x14\xd0\xb8\x52\x47\x6a\x09\xb0\xe7\xb0\x61\x00\x7b\xb7"
	"\xe3\x68\x41\x3d\xd2\xe3\xa2\x7a\x92\x51\x15\xeb\x4d\xf0\xed\x90"
	"\xa5\x69\xeb\xf6\xcf\xc4\xd9\xd9\xfe\x5b\x9b\x21\xd3\x9e\x78\x44"
	"\xed\xc7\xa5\xe8\x39\xd1\xdf\x0c\xa2\xc7\x19\xc1\xcc\xfd\x32\xcf"
	"\x9c\x62\xb3\xde\x10\x2c\xd1\xa5\x04\x07\x41\xe3\x77\xf8\x6a\x00"
	"\x25\xa2\xf1\x71\x74\xdd\xe1\x51\x57\x6d\xec\xab\xb6\x2d\x59\x6d"
	"\xc9\xdc\xb8\x24\x97\x29\xa2\x45\xf7\xf9\xb2\x97\xe7\xa5\x22\x30"
	"\x01\x77\xe5\x1e\x40\x84\xf1\xf2\x6b\xe6\xf6\x48\xad\x8d\x57\xee"
	"\x40\x4e\x8e\x64\x62\x7c\xcc\x2c\xec\x6b\xcf\xdc\xc5\x28\x01\x16"
	"\x32\x04\x80\x9c\x23\xa2\xfe\xb7\x05\x5a\x8f\x09\xc2\x75\x55\x65"
	"\xa4\xf7\x5e\x67\x9b\x6d\x2f\xb8\x76\x9c\xce\x5b\xa3\x5e\xd3\x4f"
	"\xda\x57\xfb\x7a\xf5\xe9\xdb\x3f\x7f\x7b\xf9\xfa\xfc\xf9\xea\x9f"
	"\xdf\xe0\x7c\xec\x15\x5b\xcf\x4f\xfd\xb0\xd8\xa9\x66\x16\x7c\xc5"
	"\x91\xed\x94\xfc\xf6\xf1\xfb\xef\xcf\x6f\x4e\xd4\xab\xf3\x5c\xcf"
	"\xba\x1d\x58\x03\x90\x6f\x84\xb2\x28\x16\xd2\x3a\x1e\x5f\xee\xab"
	"\x48\x53\xcf\xe2\xf3\x56\x1a\x92\x9a\x5b\x10\x91\xc2\xf6\xec\xa5"
	"\x60\x1f\xe6\x67\x32\x25\x76\xb0\x59\xa6\x28\x2f\xee\x12\xca\xe3"
	"\x83\xc9\x82\x5f\x4a\x83\xef\x86\x6b\xa8\xd3\xa7\x58\xa2\xc1\xf7"
	"\x97\xa8\xe1\x80\x4a\x36\xbb\xf0\x7b\x03\x7d\xeb\xce\x65\xe4\xd9"
	"\x1a\x90\x97\xdb\x88\x4c\x1e\xad\x42\x9d\x93\x5a\x81\x25\xd4\x4c"
	"\x7b\x7b\xb0\x67\xc0\xe7\x82\xc7\x69\xa3\xd2\xf3\xd4\x0e\x48\xf5"
	"\x3c\x52\x37\x08\xd5\x3e\x45\x06\xbc\x07\x7b\x8d\x89\x5c\x34\xd2"
	"\x95\x8d\x57\x49\x19\xeb\x06\x25\xa5\xec\x0a\x88\xbe\x5b\xc2\xa7"
	"\x4d\x8b\xc5\x3f\x3f\xbe\x7d\xfa\xe3\x99\x5e\x2c\x2a\x48\x52\xa4"
	"\xfd\xf2\x60\x2f\xc4\x7a\xd4\x48\x7b\x70\xf5\x88\xc4\x32\xb7\x40"
	"\x50\xba\xdc\xcb\x1e\xbd\xef\x8c\x09\x2b\x35\xcf\x9c\xcc\x04\x8b"
	"\x54\x6b\x4a\xf2\xd4\x53\x9a\x17\xfe\xc0\x22\x3e\x24\x22\xae\xef"
	"\xce\xfe\x3b\x22\x15\xf8\xd8\xb3\x50\x78\xd4\x8f\x72\xed\xfe\xd2"
	"\xc6\xc0\x76\x7b\xb1\x2c\x3f\x50\x00\xfc\x98\xb4\x4c\xdb\x60\x6b"
	"\x78\x5a\x87\xf9\x32\xfc\x3c\x84\xdb\xc5\x3b\xd6\xdc\xe1\x0e\x8b"
	"\x94\x91\xfe\x34\xbe\x87\xcb\x9a\x2d\xda\x8e\xd5\x3b\x1e\x29\xb1"
	"\x5c\xf7\x17\x96\x57\xf2\x7a\xd7\x17\xc1\xfa\xc7\x3b\x41\xd9\xc5"
	"\x11\x7e\x64\xe4\x19\xe3\xde\x38\x3f\x42\xed\xaa\x73\xdf\xf2\x0b"
	"\x49\x13\xa6\x1b\x22\xe8\x06\x9b\x20\x12\xc6\xad\x1f\x16\x79\xe8"
	"\x5d\x47\x07\x22\xf3\xb8\x6f\xec\x2c\x19\x94\xc4\xfa\x02\x11\xda"
	"\x72\x3d\x0b\x22\x9b\x53\x50\x9c\xb3\xb2\xba\x5c\x38\xe5\xf5\xc5"
	"\x45\x83\xf2\x7c\xd9\xa7\x30\x47\x12\xc1\xf6\xeb\x2b\xe1\x51\x09"
	"\xed\x34\x8c\x48\x75\x5e\x0a\x2d\x44\xc8\xec\x7f\x97\xd5\xdd\x0d"
	"\x90\x47\x04\xf6\x9b\xb5\x77\xea\x20\x79\x4f\x39\xf9\x0f\xcb\x4b"
	"\x68\xa2\xfd\xfb\x05\x4e\x9a\x1c\x5c\xb7\x1d\xd3\x9e\xab\x1b\xc7"
	"\xbc\x30\x9d\xbb\xa4\x1b\x85\x62\x49\xcf\x20\x5c\xcc\x10\x7d\x57"
	"\x86\x77\x10\xe2\x32\x17\x05\x75\xfc\x3d\x44\x4f\x2c\xe8\xda\x30"
	"\xc2\x88\x15\x93\x4a\x49\xeb\x18\xdc\x97\xc5\xf8\xb8\x49\xaf\x39"
	"\x2d\x62\x53\xb9\x36\xb7\xea\x5c\x45\x17\xed\xd2\x93\x08\xf4\x51"
	"\x0f\x29\x70\xba\xb3\xab\xd8\x8c\xae\xf5\x5d\x72\x36\xb7\xb7\xf3"
	"\x96\x18\x06\x2e\x7e\xd6\x14\xdf\x7b\x26\xa0\xc3\x96\x4f\xb5\xfe"
	"\x64\xf8\x59\x98\x6f\x17\x3b\x8f\xce\x3d\x4b\x08\xf8\x5a\xb6\x57"
	"\x2f\x5f\x83\x9d\x5a\x59\xef\xdc\x5c\x7c\xce\x63\xa3\x5e\x25\xc8"
	"\xc3\xb5\x59\x54\x75\x70\x5c\x48\x75\x27\xd9\xf4\x8e\x1d\xfd\xda"
	"\x29\x4d\x77\x0f\x61\xe4\x3e\x5d\x0d\x62\x7c\x0c\x30\xea\x6b\x2a"
	"\xc6\xdc\xd6\x71\x4e\xfe\x6b\x7b\xd9\xac\x9c\x67\xdf\x96\x98\x7d"
	"\x5b\x6c\xf6\x6d\x89\x99\xb4\x5d\xf8\x1d\x47\xa2\x3d\x55\xc7\x09"
	"\xb6\x45\x7b\x6b\xeb\x4d\x03\xab\xaf\xb7\xf6\x4c\x20\xbe\x87\x25"
	"\xc3\xf7\x82\xb8\xcc\xec\x88\xc1\xaa\x14\x97\x02\x4b\x22\x2e\x55"
	"\x94\x71\x19\x68\xb9\x09\x1e\x8b\xcb\x56\x05\xdd\x47\x8b\x19\x8e"
	"\x17\xd1\xf5\xf1\xd7\xc8\x2e\xd8\x9d\xa8\x6f\xc0\x15\x59\x0e\xcc"
	"\x6d\x64\xe1\xd8\x5e\xba\x72\x6c\x9d\xa9\xec\x92\xcd\xb4\xf2\x4b"
	"\x9d\x66\x56\xa8\x4d\x35\x23\x9c\x77\xf3\x36\x65\x8d\xe5\xe9\xa8"
	"\x22\x1f\x78\xe2\x4f\xce\x91\xa7\x18\xe0\x10\xdd\xf7\x1c\x39\xe3"
	"\x00\x66\x3f\x2c\x8f\x39\x70\x39\xaf\x6e\x98\xd0\xdd\xf5\x7a\xd8"
	"\xc4\x84\x58\xd5\x50\x97\x4b\x2c\x21\x22\x78\xc0\x12\x11\x17\x48"
	"\x6c\x63\x22\x5a\x61\x8f\x09\xf9\x2e\x25\x4c\x66\x54\x69\x63\x62"
	"\xb2\x8f\xd6\xfa\x50\xb2\xfa\x82\xee\xe9\x78\x5b\x3e\xc5\xe4\xb2"
	"\x0b\x3e\x1a\xb4\x6e\x88\x4a\x4d\xbb\x59\xb4\x81\x17\xbc\x51\x2d"
	"\xc0\x31\x11\xed\x9b\xc2\x85\xda\xc0\x80\x55\x3b\x8f\x6f\x46\x5b"
	"\x0a\xa4\x71\x4b\x5b\xa0\xaa\xbd\x12\x4f\x76\x43\x93\xbc\x4f\xeb"
	"\x1e\x85\x62\xed\xe7\xf0\x5a\x13\x2c\xa2\x4f\x36\xe1\x28\x7f\x59"
	"\x12\x22\x47\x5e\x9b\x23\x9f\xf0\x13\xe9\xda\xf2\xb1\x1a\x84\xde"
	"\x6c\x87\x40\x98\x97\x7b\xc1\x13\x1d\x91\xa7\xb1\xa7\x72\x79\xb3"
	"\x1e\xf3\x3b\x83\x39\x6d\xdd\x53\x50\xbf\x86\xc3\xc6\x23\x08\x5f"
	"\x82\xdb\x66\xb5\xb4\x0b\xf0\xcf\x3f\xc7\x21\x22\x76\x95\xfa\x9e"
	"\x70\x51\x64\x79\x5d\x5a\x07\x79\x48\xe6\x47\xea\x28\x12\xda\x0c"
	"\x98\x6e\xb0\x70\xad\xb0\xa4\x5c\x65\xe9\xc4\x70\xaa\x9f\x6b\xea"
	"\x0e\x56\x89\x2f\x11\xa7\x35\x0e\xbe\x5c\xb2\x96\xc8\x1d\x50\xa8"
	"\x11\x80\x4f\xa1\x6d\xd9\x1c\x5b\x62\x71\x10\x9c\x73\x68\xc5\xed"
	"\x0d\x11\x57\x35\xdd\x64\xd1\x9a\xd8\xe3\x8f\xe7\x1f\xcf\x2f\x5f"
	"\x7f\xff\xaf\xf1\x26\x90\x73\xb1\x76\x94\x1e\x8a\x3e\xf1\x3b\x51"
	"\x93\x73\x99\xd2\xef\xd0\x57\x40\xdc\x53\x7c\x39\x79\x2d\x1e\xb1"
	"\xe2\x3a\xe2\x42\xe2\xc4\x97\x79\x12\xe1\x3f\x06\xf9\x3d\x7f\x2c"
	"\x03\xd5\xed\x93\x1c\xab\x55\x9a\xc8\x60\xa9\xca\x60\x0d\xf2\x77"
	"\x1d\x75\x0e\xa0\xd9\xea\x6f\x5e\x61\xef\xcd\xba\x2e\x58\x6e\xf5"
	"\x08\xfd\x1b\xee\x90\x87\x24\x2a\x93\x16\xcd\x03\x0f\x4a\x3c\x46"
	"\xba\x35\x85\xb0\xfe\xa0\x44\xfe\x78\x81\x50\xca\x22\xf5\x88\x54"
	"\xa3\x28\xc2\xdf\xa1\x15\x3c\xf0\x19\xe6\xd0\x8c\xe5\x83\x25\x01"
	"\xbe\x75\xfe\x52\x4b\xe8\x27\xe3\xaf\xff\xf2\xf1\xf5\xf5\xe5\x1f"
	"\x2f\x9f\x96\x01\x21\xca\xb6\x5b\xbc\x4b\x91\xe0\xe2\x39\x91\x20"
	"\x63\x92\xd0\x1a\x1c\x35\xb3\x41\x20\x3f\xba\x73\x0e\x68\x9e\x0b"
	"\x65\x24\x91\x59\x6d\x47\xf6\x32\x0a\x47\x97\xaf\x96\x1e\xac\xea"
	"\x69\xc0\x0d\x6d\xda\xb6\x38\x76\x38\x97\x47\x1d\x1e\x68\x01\x6d"
	"\x02\x38\x97\xf9\x75\x1c\xa4\x26\x63\xb4\x11\x41\x61\xb3\x46\x58"
	"\xa9\x1f\x18\x3c\xd2\xf5\x61\x03\xca\x31\x5d\xb7\xa4\x57\xdc\xf3"
	"\x49\x4e\x8c\x31\x03\x99\xd3\x4e\x3e\x59\x56\x7d\xa0\x9d\xcc\x3b"
	"\xe2\x02\x82\x71\xa1\xf2\x25\x7d\xc7\x5c\x7b\x65\xc7\x4c\xfc\x45"
	"\x42\xbc\x00\xd8\x95\x80\x40\x7d\xbf\x6e\xc0\x91\xac\x6a\x4b\x7a"
	"\xf6\x31\x6d\x3b\xf7\x41\x3e\xa5\xec\x9d\x1b\xc2\x03\xc7\xd9\xa6"
	"\x12\x82\x72\xe7\x1b\xf6\x43\x02\x45\x60\xd5\x4f\xbd\x83\xef\x85"
	"\x80\xaf\x48\x7b\x6c\x64\x64\xea\x62\xc7\xe3\x9f\x70\xad\x1f\x92"
	"\xaa\xc9\xc2\x5d\x97\x87\xbb\xd6\x84\xd1\x41\x40\x7a\x70\xe6\x8b"
	"\x3a\xb4\x8f\xe4\x22\x77\x60\x9a\xb3\x14\x1b\x0a\x59\x0d\x77\x19"
	"\x64\x53\x1e\x5c\x8b\x3c\x51\x2a\x1c\xd3\x17\xdc\xf1\xeb\xe9\x2d"
	"\xaf\x0f\x26\xe3\x0b\xae\x39\x8d\x31\xf1\x54\xfd\x75\x48\x0a\x79"
	"\xd5\x40\x8d\x3d\x7a\x8b\xad\x25\xfe\xca\x42\x06\xb6\x47\x5d\x53"
	"\x2f\x68\xcc\x91\x28\x37\xe0\xd2\x03\x37\x33\x1e\x5a\xf6\xd8\xf5"
	"\x96\xb3\x00\x7e\x69\x58\xdd\x7d\x3b\x54\x72\x86\x04\xd1\x74\x59"
	"\x39\x53\x4a\xd3\xd4\x17\x25\x0a\x1d\xaa\x42\x2c\xc4\xf7\x12\x57"
	"\x6c\x34\x13\x3e\x2c\xdd\x3b\xa9\x9b\x3c\x68\xd2\xe0\xed\x8c\xf5"
	"\x5d\x2e\x35\x16\x97\xb5\x80\x9e\x5a\x89\x24\x2c\xd7\x71\x96\x94"
	"\xbe\x60\xc9\x98\xe0\x11\x6a\x30\x76\x27\xb8\x90\xf9\x34\xb8\xb9"
	"\x8e\x93\xc7\x72\x91\xc5\xd7\xcf\xdd\x2b\xfb\x8e\xb3\x0a\x01\x93"
	"\xb0\x23\xe9\xe1\xb2\x8f\x77\xb6\xa6\x07\xdf\x61\xa8\xcb\x6a\x8c"
	"\xf5\xb2\x2f\xd3\x5c\xbd\x3d\xbf\xbe\x19\xa5\xd6\xe9\x39\x65\xa5"
	"\xef\x08\xb8\x7d\x6d\x23\x74\x8d\xfa\xd6\x4d\x2d\x3c\x08\x7c\x0b"
	"\x2e\xbf\xea\x58\x46\x75\x16\xba\xdc\x24\x6e\x8b\xc1\x1d\xc3\x33"
	"\xc2\xdd\x02\xe1\x23\x34\x87\x30\xd0\xc0\xe8\x46\x30\xf0\x0c\x04"
	"\xfa\x97\x1f\xcf\x6f\xdf\xbe\xbd\xfd\x71\xf5\xf9\xf9\x5f\x2f\x9f"
	"\x9e\x31\xb8\x54\xf5\x7c\x91\x8a\xa4\xa7\xc6\xe3\xc4\x97\x54\xbb"
	"\x8d\xc0\x9e\x11\x3e\xbd\xf1\xf9\xb4\x5a\x5f\x6f\x4e\x21\x89\x96"
	"\xad\xae\x83\x02\x79\xb8\x8a\x87\x22\x15\x14\xbb\xea\x0e\x28\x52"
	"\x8e\xac\x80\xab\x11\x72\xad\x91\xda\xe7\x80\xdd\x6d\xdf\xfc\x3a"
	"\x93\x86\x63\x5a\x6f\xee\xef\xaf\xbd\x8f\xaa\x59\x8f\x29\xdb\x6e"
	"\xee\x89\xa4\x81\xb9\x9a\x23\x1d\x65\x4a\xe7\xc3\x43\x8a\x59\xd3"
	"\x70\x23\xa8\xdb\x3b\x8e\xbd\xa3\xe8\x78\xe9\xc4\x13\x4f\x94\xc1"
	"\xe8\x20\x13\x95\xeb\x68\x34\xfb\xd8\x47\x93\x20\x66\xd5\x23\xc9"
	"\xf6\x69\x21\x24\x0e\x36\x94\xc3\x0e\x4c\x4b\x0b\xf9\xa0\x2e\x35"
	"\x61\x80\x41\x07\xf1\xf2\xce\xba\x32\x4a\xc3\x22\xcb\x4b\xb5\x89"
	"\xc0\x2a\xda\xd5\x4a\xd7\xc6\xc7\xef\x59\x3e\xe5\x00\x57\x38\x66"
	"\x3a\x1e\x9a\x1a\x4d\xec\x77\x96\x06\x38\x1d\xd5\x70\x9d\x4f\x1d"
	"\x2e\x54\xf1\x5d\x96\x2c\xab\xac\xb1\x0c\x26\x88\x2c\x10\xd1\xa0"
	"\x91\x88\xdc\xe4\x8b\x69\x31\xa6\xbe\xc7\x56\xb3\x92\x7c\x4b\xda"
	"\x65\xcc\x4a\x02\xbc\x6c\x1b\xf4\x2a\x85\xcc\xa2\x25\xb0\xc1\x39"
	"\xb2\x40\xb5\xd5\x21\x16\x3a\xdf\x87\xce\xad\x62\x61\xbf\x1f\x85"
	"\xa2\x62\xbb\x41\x0e\xd7\x22\xed\x0d\x01\x7e\x3b\xf8\xe9\x23\x09"
	"\x56\x16\xc7\x13\x64\xc8\xa2\x6e\x89\xa8\xe4\x51\x00\x80\x09\xc8"
	"\xa5\xf4\xbe\x25\xd6\x48\x81\x1b\x6c\x29\x6f\x21\x7c\x82\xb0\xf5"
	"\x73\xd4\xe3\x90\xa7\x43\xed\xf8\x14\xda\x88\x4a\x4b\xe9\x64\xd8"
	"\xa5\x86\x49\x77\x92\xbd\xc9\x6c\x63\x01\x70\x76\x8d\xaa\x6e\xb9"
	"\xb4\xe5\xd4\x80\x07\x9d\x07\xfd\x94\x4f\x7a\x24\x8e\x12\xce\x75"
	"\x78\x26\x4a\x40\xc5\xa0\x6e\xbc\xf2\x79\xdf\x1c\x53\x11\xea\x85"
	"\x1c\xc5\x6e\x66\x55\xc2\xce\x18\x6a\x80\xc2\xfa\xf2\x69\x14\xbc"
	"\x6a\xfc\xab\xa5\x7b\x73\x49\xd8\x0f\xca\x71\xc8\x03\x5c\x22\xfc"
	"\xf5\xa7\x9f\xec\x8b\xbf\x87\xbe\x6a\xd1\x98\x77\x35\x4a\xeb\x8c"
	"\x95\x0e\x38\x64\xdb\x99\xe2\xce\x50\xcd\x3a\xfb\x83\x9d\x19\x7a"
	"\xa4\x8b\x7a\x4e\x28\xe1\x82\x54\x7f\xf9\xf6\xf1\xb3\xc6\x3f\x9e"
	"\x11\x9d\x4d\xa6\x0d\x0b\x1d\xe1\xd4\x77\xec\x5c\x16\xd4\xd7\x97"
	"\x1d\xac\x24\x12\xd6\xdb\x31\xb6\x0d\x11\xe5\xc0\x48\xfb\x57\xcf"
	"\xa7\x7e\x2f\x41\x39\x01\xe8\x2c\x0b\x2a\xc1\xea\x2f\xc8\x27\x65"
	"\x12\x00\xa0\x43\x6f\x14\xe0\x87\x8e\x08\x7b\x33\x02\xb0\xd0\x8e"
	"\xc5\x0c\x26\x21\x17\xee\xac\x05\x31\x06\x29\x2c\x26\x61\x0d\x55"
	"\x1b\xb8\x05\xae\xf1\x29\xf7\x7d\xa3\xe5\x90\x9c\xe1\x8a\x7d\xd8"
	"\x97\xea\x07\x4b\x44\x29\x7a\xe7\xb6\xe4\x08\xc3\x61\x63\xf8\xed"
	"\x9c\xf3\xf0\x11\x70\x45\xac\xd3\x05\x4d\xda\x00\xb1\x67\x5a\xb5"
	"\x24\x56\x95\xed\x4f\x9c\x4a\xec\x1e\x17\xb4\x63\x9a\xb9\x74\x40"
	"\xd8\xd5\xc9\xaa\x32\x55\xcb\x3c\x77\x6d\x1f\x60\xe6\x3a\xc7\xa9"
	"\x0e\xff\xc4\x66\x3e\x00\xf4\x56\x6c\x9e\x77\xff\xf8\xf8\xe3\xcb"
	"\x9b\xce\x93\xf9\xf2\xfb\x8f\x6f\x3f\x5e\xaf\xc6\x4c\x31\x6a\x94"
	"\x7e\xbc\x7a\x7d\xf9\xbf\xe7\xbf\xdb\x59\x66\x98\x5e\xa9\x87\x4a"
	"\x07\x34\x5a\x97\x2e\xcf\x1c\x09\xc9\xd2\x0d\xd7\x03\x27\x38\xb3"
	"\xe1\x46\xbc\x9a\x3e\x24\x24\x82\x53\x94\xa8\x2f\x10\x42\xb7\x0a"
	"\x0d\x7a\x70\xce\xbb\x75\xe7\x8f\x01\x83\x28\xda\x28\xd5\xbe\xd9"
	"\x3d\x9d\x93\xeb\xa8\xf6\x1b\x9d\xd2\x55\x26\x4d\x5a\xf2\x61\x27"
	"\x64\xa2\x1e\x4c\x28\xcc\x75\x9e\x08\xc7\x39\x05\x6e\x00\xb8\xa9"
	"\x5a\x0d\x5e\x3e\xdf\xd9\xda\x1c\xd3\x19\x0f\x4b\xb0\x9a\x69\x91"
	"\x2d\xc4\x38\x1c\xe7\xdd\xb5\x40\x72\xf8\x1a\x1c\x93\xc2\x4e\x98"
	"\xeb\xb4\x01\x1e\xf2\x33\xb0\x9e\x9f\x19\xf5\x68\x24\x71\x2e\x3c"
	"\xb6\xbc\xb5\xe4\xb0\xf7\x84\x82\x0a\x3c\xc9\x7a\xb5\xa7\x08\xe2"
	"\x02\x1e\x78\x25\x78\x4a\x99\x25\xbb\x9a\x00\x33\xac\xfa\x0c\x4d"
	"\x18\x62\xcd\xc7\xc6\xf1\x82\x34\x39\x20\x04\xf4\x04\xa0\xb6\xe2"
	"\x02\x7a\x4b\xef\xc0\x24\x2b\xa2\x81\x92\x40\x59\x0f\x4d\xf2\xde"
	"\x21\x8c\xa8\x4f\x0e\xcd\x99\xb6\xea\xb7\x73\x99\x5e\xfd\xae\x32"
	"\x7b\x0d\x68\x20\xb4\x03\xb2\x4c\x40\x9a\x44\x1b\x6b\x45\x31\x40"
	"\x0f\xf7\xc6\x80\xa2\x8e\x49\x86\xf0\x16\x25\xaa\xd6\xbc\x7b\xca"
	"\x58\xcf\xbc\xcc\x70\xa0\xcd\x11\xc0\x83\xea\x2b\x63\x40\x8e\xf5"
	"\x5e\xe9\x45\x09\x71\x14\x34\x09\x41\x12\x5f\x29\x55\xdd\x7b\xd1"
	"\x6e\xd6\x27\x6c\x46\x7e\xe8\x98\xd5\x2e\xf8\xa5\x9e\xcc\xf6\xce"
	"\xd6\xa2\xa9\xc7\x4e\x8d\x98\xc4\xc3\x28\x5e\xbc\x31\x63\xe9\x3d"
	"\x91\x18\x7e\x12\xd9\xe3\xa9\xbd\x26\x76\x69\x50\xe1\x10\xaa\x86"
	"\x88\x31\xd7\xf0\xd4\x22\xb7\x28\xd7\xa0\x68\x95\x1e\xa4\xdb\xb2"
	"\x86\x5d\x12\xc6\xa5\xac\x23\x7c\xf9\x90\x05\xaa\xef\x74\xa7\x45"
	"\x9c\x2b\x8e\xf0\xb4\xa6\x7d\xb7\xba\xb7\xb0\x55\xd2\x0c\xb2\x7d"
	"\xb5\x0f\x7d\x9a\x1d\x32\xea\x24\x50\x0f\x37\x38\xd3\x0c\x56\x38"
	"\xd6\xe0\x4e\xba\x23\xc3\xb8\x37\x0e\x15\xc7\x12\x4f\x9f\x7b\x09"
	"\xf8\xa8\xf6\xab\x18\x43\x9e\xd2\x3c\x13\xf3\xb2\x5c\xf2\x5e\x5e"
	"\x3f\x61\xeb\x3c\xcb\x6e\xd7\xb7\xa7\x21\x6b\x1b\xdc\x44\xd0\xc9"
	"\x55\x60\x5e\x13\x67\x9c\xac\xee\x89\x14\xd7\x80\xd9\x28\x9a\xf4"
	"\x86\x38\x8c\xce\x2b\xad\x67\xe1\x67\xa0\xa9\xbc\xdf\xac\xe5\xcd"
	"\x35\x7e\xe6\xae\x76\xfb\xb2\x91\x7b\xb0\x19\xd5\xe2\x21\x52\x42"
	"\xe1\x2a\x94\x7a\x51\x36\x74\x4a\xdb\xb4\x11\x35\xa8\xff\xf8\xe7"
	"\x6f\x33\x79\xaf\xac\x36\x46\x38\x37\x85\x2c\xd7\xf7\x54\xae\x5f"
	"\xc3\x5c\xe3\x13\x55\xf2\x5a\x36\x9d\x1c\x7a\x25\x74\x7b\x1b\x96"
	"\x49\x8a\xd5\xbb\x77\x61\x11\x5d\xd1\x7b\xc2\xdf\x52\x54\xe9\x76"
	"\x73\x8b\x1f\x75\x67\x72\xb5\xbd\xc3\x59\x80\xe0\x66\xbc\xb0\x43"
	"\x2e\xd9\xfd\xcd\xdd\x35\x71\xf4\xdd\xf7\xaa\xf7\x07\x9e\xb6\x9b"
	"\x21\x00\x3d\x27\x3b\x86\x2d\x49\x45\x96\xb6\xc3\xa3\xe4\x5c\x7d"
	"\x0c\xcb\x5b\x7b\x26\xa0\x99\xcf\x07\x2a\x45\x84\xc8\x4c\x0e\x54"
	"\x40\x5c\x71\x70\x72\x6c\x46\x20\x17\xcf\x08\x41\xa4\x03\xad\x75"
	"\x54\x33\x3e\x70\x00\x11\xc5\x47\x58\x9b\xb9\xbd\x18\x4e\xe0\x53"
	"\xee\xfa\xc3\xb1\x0b\xcb\x29\x0d\x4e\x40\x5a\xe5\x5a\xa3\xcf\x77"
	"\x0d\x20\x1f\xe1\x90\xa4\x02\x14\x06\x35\x25\xa0\xe8\xba\xe9\x32"
	"\xe2\x88\x31\x5d\xfb\xdb\x9c\x41\xb0\xe3\xca\x22\xa8\x30\x3d\xc7"
	"\x70\xd4\x42\x47\x60\x3d\xcf\xfc\xdb\x10\xdf\x40\x10\x86\x24\x54"
	"\x53\xb7\x77\xef\x82\x85\xdc\x6f\xd2\xd3\x36\x2c\x70\x3a\xdd\x04"
	"\x25\x44\xd6\x0f\x77\xf7\x45\xcb\x25\x3e\x17\xd2\xe4\xdd\xea\x7a"
	"\xb1\xe6\x8c\x99\x7a\xfe\xfa\xf8\x7a\x25\xbe\xbe\xbe\x7d\xff\x01"
	"\x50\x78\xaf\x57\xaf\x7f\x28\x63\xe0\xf3\xd5\xdb\xf7\x8f\x5f\x5f"
	"\xa1\xdf\xae\xbe\xbc\x7c\x7d\xbe\xfa\xac\x16\xd1\x97\x3f\xe1\x9f"
	"\x76\x3f\xaa\x8f\x49\x5c\x38\x98\xe6\x68\x29\xe4\x06\x0c\xa5\xb8"
	"\x90\xb2\xb0\xf0\xe5\x08\x22\xa5\x18\x8c\xce\xb6\x5c\x86\xc8\x7f"
	"\x7d\x7b\xfe\x72\x55\xa9\x71\xf1\x1f\x57\xdf\x9f\xbf\x7c\x7c\x53"
	"\x35\x9f\xbf\xb7\x27\x02\xfa\x7e\x36\xa5\x22\xd2\x3c\x99\x8a\x1c"
	"\x21\x1f\xd4\x4e\xbf\xa4\xce\x05\x15\xdf\x5e\xdf\x48\x66\xfa\xf1"
	"\xfb\x67\xec\x35\xa4\xfc\xb7\x3f\xbf\x7f\x53\x5b\xd3\xeb\xb7\xef"
	"\x57\xf2\x4d\xb5\xc0\x06\x26\xfc\x39\x6d\x64\xf5\x8b\xe5\x29\x39"
	"\xd7\x2f\x5b\xe4\x54\x52\xb6\xce\xf1\x91\x48\xc1\x99\x16\x0d\x81"
	"\x7b\x2c\xd3\xa1\xeb\xe5\x09\x56\x9a\x88\x84\xe7\xb9\x9e\xdc\x0a"
	"\x6d\xa7\xfe\xa4\x93\x4d\xf5\x3f\xdf\x3f\xb9\x7e\x7a\xbb\x86\x8f"
	"\x5d\xba\xf8\x82\x80\x2b\xbe\xb4\x48\xce\x21\x61\x52\x00\x98\x89"
	"\xe3\xda\x63\x6a\x59\x03\x2d\x1d\x75\xe0\xa8\x07\x2c\xe3\x1e\x1e"
	"\xcf\x2a\xe6\x51\xaa\xc7\x65\xe2\x6a\xcd\x00\xbf\xf2\x90\x9f\x6f"
	"\x54\xeb\xaa\x8d\x75\xba\x7a\xfb\xf7\x9f\xcf\x57\x3f\xab\x69\xf0"
	"\xdf\x7f\xbb\x7a\xfb\xf8\xe7\xf3\xdf\xae\xd2\xec\x3f\xd5\xe4\xfb"
	"\xc5\x02\xc4\x9c\xf4\x38\x37\x41\x6a\xd1\x19\x2a\x91\xca\x6d\x64"
	"\x37\x52\xf6\x61\xed\x10\xcd\xcb\x3a\x15\xbe\x43\x5f\x99\x16\x44"
	"\x1f\xe9\x24\x77\x3d\x73\xf3\x68\x03\x5d\xd9\xc7\x3b\x27\x1e\x4d"
	"\x53\x65\x0a\x67\xac\xe0\x93\x71\xfa\xa6\x9f\xd6\x08\x47\xaf\x32"
	"\x4f\xb4\x62\xf9\x91\x5c\x91\x3c\x8d\x49\x08\xfd\xff\x88\x90\x64"
	"\xf2\x12\x91\x52\x24\xea\xaf\x80\x4c\xd7\x06\x47\x15\x80\xf5\x95"
	"\x70\x1a\xe0\x84\x45\x6b\x4e\x4f\x5c\x7a\x34\x5c\x40\x19\x5b\x26"
	"\x6f\x73\x5f\x9e\x9e\x76\xc9\xc6\xc8\x87\x85\x6e\x62\x42\x49\x7d"
	"\x5a\x07\x64\x12\xbe\x0e\x30\xc7\x91\xb6\x39\x0e\x27\xf5\x9f\x9e"
	"\x69\xf4\x9b\x8a\x96\x88\x46\xd4\x5c\x55\xc6\xfd\xe9\x74\x0a\x0a"
	"\x04\xbf\x07\x4b\x59\x17\x78\x3b\x63\x69\xb8\x7a\x4c\xa4\xef\x82"
	"\x15\x00\x81\xfb\x88\xc0\xfd\x4d\x48\xa0\x3a\x04\x5b\x50\x1d\xf6"
	"\x55\xe0\x4b\x65\x6d\xaf\xf6\xbc\x26\xf0\x7e\x40\xf6\x51\x03\x27"
	"\x20\x01\x9e\xaa\x8e\xe6\x73\x55\xbf\x75\x47\xe8\x7c\x3b\xa6\x57"
	"\xd2\x9a\x1f\xa9\xe3\xe4\xb3\x4c\x40\xcf\x39\xcb\x84\xbb\xa2\xed"
	"\x37\x31\x81\x75\x78\x7a\x56\xac\xeb\xdb\x47\x41\xcd\xce\x7d\x2e"
	"\x8b\x34\x73\xc3\x89\xcf\x64\x7f\x73\xc3\x24\x94\x46\x0f\x39\x48"
	"\xb1\x12\x86\xec\x98\xaa\x49\x7e\x96\x09\x14\xa5\xcd\x2b\xaa\x16"
	"\x69\x95\x4d\xeb\x6b\xa8\x08\x3f\xe9\xa1\xc7\x00\x15\x7a\xf1\x86"
	"\x02\x52\x43\xb4\x81\xee\xab\x09\xd5\x79\xdc\x22\x4f\x9b\xd5\xfd"
	"\x2a\x30\x9b\x44\x1b\x5a\xa6\x6b\xc0\xf3\x0f\xf2\xd9\xea\xfa\x3a"
	"\x50\xbb\x9e\x07\xa6\x99\x7c\xaa\x6e\x37\xe9\x9d\x5a\x90\xd6\xb4"
	"\xd0\xa3\xea\x58\x91\x0e\xab\xf5\xdd\x75\x48\x88\xc5\xd6\xcf\x2c"
	"\xdd\xdc\xdf\xfe\x15\x98\x72\x50\x97\xfb\x77\x37\xb4\xc4\x31\x7b"
	"\xb7\xba\x0f\x34\x87\xb6\xc3\x8c\x0e\x52\x45\x16\xb6\xb6\xba\xbb"
	"\xbe\x5e\xd1\xfc\x69\x9f\x52\x83\xbe\x4a\x45\x60\x89\xce\x0a\x9a"
	"\xd7\xc8\xcc\x7c\x56\xe6\xf9\x6b\x9d\xac\x75\xe0\x28\xc2\x26\x8e"
	"\xa2\x63\xbe\xed\x0c\x73\x37\x56\x84\x0b\x89\x3a\xab\x3a\x7b\xdb"
	"\x2a\x7d\x10\xd7\x8b\x7a\xe9\x15\xcb\x5c\xa0\xdf\xca\xd2\xf8\x70"
	"\x7f\x00\x9d\x4b\x5c\xbf\x26\x17\x8d\x57\xa0\x39\xd1\x32\xe9\x2a"
	"\x2a\x56\xb3\x1d\xef\x74\x42\x03\x0a\x17\x38\x83\x7c\x3c\x1a\x30"
	"\x03\x8d\xa9\x56\x6c\x3d\xb9\xed\x83\x9f\xf3\x71\xbe\x81\x80\x9d"
	"\xe9\xb2\x66\xad\x2c\x9a\xde\xab\x12\xa4\x97\x03\x0d\xf6\x20\x20"
	"\xad\x52\xa0\x22\x34\x00\x75\x36\x3a\x63\x83\x12\xca\x18\xa3\x58"
	"\x10\xa7\x49\xb8\xf7\x15\x97\x1c\xd6\x8a\xf7\x81\x77\x0d\x59\x2a"
	"\x06\x05\xeb\x7e\x0c\xdc\x31\x0e\x9d\xae\xcf\x6e\xbd\x9e\xca\x4b"
	"\xe6\x85\x2c\xce\xbc\x03\x1f\x6f\x8e\xda\x0f\x18\xa2\x89\x5f\x00"
	"\x38\x4b\xae\xe3\x68\x55\x77\xeb\x43\x29\xb5\xe6\x84\xca\x22\x1e"
	"\xfb\x75\x85\xbd\x82\x1d\x92\x60\x59\x39\x4f\xbd\xba\x05\x82\x1b"
	"\x15\x17\xee\x89\xea\x4f\x2a\x29\x89\x70\xd2\x25\x25\xc0\xea\xac"
	"\x6b\xd4\x06\x6f\x6a\x70\x99\xd4\x00\x77\xba\x1b\xd9\x0f\x0d\x9c"
	"\x4e\x9e\xc1\xfd\x35\x3a\x3d\x31\xfe\x93\xe6\xe8\x8c\xf2\x11\x8a"
	"\x79\x76\x35\x4c\x98\x4d\x84\xe3\x34\xdf\x4b\x0f\xe2\xd2\xd8\xd9"
	"\x9c\xf3\xab\xd5\xe6\xfe\xe6\xea\xe7\xfc\xe5\xfb\xf3\x51\xfd\xf9"
	"\x05\xf3\x08\xe5\xa2\xe3\x10\x84\x44\x65\x69\xd6\xcc\xa1\x6e\xe4"
	"\x13\x1e\xdf\xa7\x96\x1d\xf0\xc6\xda\x40\xf6\x1e\x00\xaf\x1b\xc7"
	"\x94\x34\x75\xe6\xd8\x59\xda\xdb\xec\x06\x44\xed\xf6\x4a\x05\xb6"
	"\xfb\xe0\x4c\x0c\x6c\x22\xfc\x51\xe7\x55\xe6\x74\x90\x29\xe1\x42"
	"\x17\x81\x4b\x2a\x3d\x67\x15\x15\xfa\x43\xde\xf5\x13\x2d\xc9\x3a"
	"\x9c\x28\x0e\x1c\xd8\x12\x81\x01\x3b\xe2\xde\xa1\xaa\x83\xe4\xe4"
	"\xdd\x03\x30\x74\x9b\x12\xdb\x49\xfa\xbd\x03\xda\xa8\x7e\x0e\x07"
	"\xfd\xa1\x3a\x65\x8b\x0f\xe8\x23\x07\x73\xcb\x6b\x2e\xbf\xac\xa8"
	"\x8c\x56\x5d\x5a\x23\x67\x11\x3a\x76\x68\x76\xad\x7d\x76\xfd\x3a"
	"\xd9\xcb\xeb\xdb\xf7\x97\xdf\x7e\x80\x17\x4b\xfe\xef\xcb\xdb\xa7"
	"\x3f\xae\x98\x95\x80\xd8\x12\x9f\x3e\x76\x5f\x40\xc4\x89\x17\x7e"
	"\xaf\x96\xbc\xac\xe9\x86\x8d\xa7\x8a\x1e\x9a\x8e\xd2\xb3\xfa\xa7"
	"\xb6\x68\x1a\x2a\xd2\x7c\x2c\x8f\x65\xac\xed\xdd\xf5\x67\x24\x81"
	"\x73\xae\xcb\x45\xc7\x23\x05\xa8\x5d\xd2\x09\xb3\xe3\xfd\x6a\xb3"
	"\x3a\x45\x1e\x2a\x95\xa5\x07\x7b\x92\xd3\xf1\xb2\x14\x69\x43\x01"
	"\x75\xcc\x8f\xf6\x5e\xea\x67\x96\x72\x4a\x11\x1e\xdd\x8c\xbd\x8c"
	"\x35\xa2\x62\x1f\xdc\x42\xd5\xb2\x76\xfe\x10\xb1\x67\xdd\x0c\x6c"
	"\x55\x76\xb7\x5a\xad\xc8\x63\xb6\x16\x86\xd0\x86\xb8\xad\xa7\x6c"
	"\x89\xd3\x2e\x89\x55\x56\x2d\x06\xb5\x52\xe2\x9c\xb7\x3e\xe6\xc7"
	"\x2c\xf2\x58\x97\xa2\x23\x8a\x41\x2b\x1b\xe9\xaa\x7a\x25\x75\x9d"
	"\xb0\x5c\x91\x0c\x4e\x72\xa8\x8f\x13\x1b\x25\x7b\xa5\x78\xb8\xcd"
	"\xd4\x94\xa1\x4e\xee\xee\x5c\xd3\x63\xf9\xb0\x41\xdb\x74\x27\x4b"
	"\x72\x73\x43\xe8\xa5\x15\x2c\x51\x84\xab\xae\x3e\xe1\x9d\x91\x52"
	"\xa3\xae\x17\xbb\xa6\xde\x90\x85\x11\x66\xc4\x93\x32\x98\x2a\xff"
	"\xc8\xc3\x7e\xb0\x8f\x36\x38\x65\x6e\xc4\x6b\x52\xb3\xf0\x33\xf0"
	"\x40\xed\x66\x41\x50\x0b\x6f\x12\x7b\xe8\x20\xf6\x4e\xbf\xf6\xc5"
	"\xbe\x86\x68\x35\x48\xb0\xda\xe2\x61\x94\xb6\xc8\x21\x2e\x92\xec"
	"\x4e\x51\x99\x6e\x87\xc6\x0c\xe9\xda\x0d\xad\x7b\xa5\xba\x14\x8f"
	"\x7b\x41\xc5\x89\x4f\x4c\xaf\x62\x48\xcb\x0b\x5e\x4a\xd7\x6c\x18"
	"\x49\x43\xbf\x22\x1c\xc1\x23\x7b\x13\x66\xdf\x44\xd8\xd1\x9a\x29"
	"\x0b\xb8\x71\xd7\x2f\x91\x46\x1e\x81\x24\xec\xb5\x33\xbd\x76\x1c"
	"\x52\x26\xa2\xeb\xde\xac\x16\x46\x17\xc4\xcc\xdd\x4e\x0c\x62\x7f"
	"\x49\xe6\x55\x98\x9e\xf2\xe3\x4f\xb3\x72\xfd\x40\x65\x3d\xcc\x00"
	"\x1d\x3b\x5c\x1e\x57\x16\x06\x3f\x39\xb3\x81\xaf\xa3\x75\xe7\x1f"
	"\xd2\x42\x38\x23\xc7\x50\x86\xba\x95\xa3\x4d\x08\xb1\x68\x03\x8f"
	"\x96\x54\x28\x8b\x0d\xf6\x33\x67\x57\x29\xc4\xe9\xb6\xc8\xd6\xc3"
	"\xce\x43\x21\xb7\x04\xc0\x87\xce\x69\x76\x7b\x7d\x43\x6e\x2d\x45"
	"\x2d\x29\x3a\xdc\x32\xcf\x49\x26\xb9\xf6\x29\xe6\x26\xd2\x4c\xa7"
	"\xb3\x8a\x76\x15\x5b\x97\x8b\x3d\x3b\x72\xe1\x76\x4a\x74\xac\x8a"
	"\xbb\xf5\xed\xe9\x84\x6e\x5f\x60\xea\x38\xee\x7b\x4e\x79\xa5\x80"
	"\x11\xe0\x10\xa1\x1b\xbb\x84\xa2\x13\xcb\x98\x38\x51\x8f\xf8\x5b"
	"\xbb\xcb\xa1\x8a\xbb\xa1\x6a\xa6\x18\xd4\x33\x29\x61\xf2\x54\xab"
	"\x6b\x7c\x4e\xbd\xaf\x22\xd3\xa9\x62\xdd\x81\x7b\x59\x98\x0f\x15"
	"\xb5\xa2\xca\x07\x22\x32\x54\x3e\x3c\xad\x23\x2f\x52\x6f\x61\x75"
	"\xe3\xcc\xdc\xaa\x3c\xa9\x51\x4f\xf8\xb3\xcb\xd3\x2d\x6d\x40\x2a"
	"\xae\x3c\x06\xd9\xf9\x31\x52\x1f\x91\x76\xee\x00\x7b\x90\x77\x77"
	"\x37\xb8\x4a\x00\xac\xdb\x55\x80\xa5\xde\x58\x12\xec\x0f\xaa\xd4"
	"\x13\xe1\xd4\xf6\xea\xd3\x2c\x16\xa9\x3a\x5d\xdf\xbd\x27\x22\xe9"
	"\x14\xf3\xb4\xbe\x51\x5c\x2a\xea\xa5\x7e\x77\xb3\x39\x5d\xf0\x56"
	"\xc9\x2b\x81\xce\xc1\xea\xa9\x73\x66\x34\xfc\x5e\x5d\x13\x43\x20"
	"\xe7\xac\xac\x23\xaf\xab\x59\x3f\xbe\x6c\xde\x46\x0c\x09\xb7\x08"
	"\xe5\xdd\xe6\x6e\x1d\x59\x78\x00\xda\xa0\xf3\x73\xdc\xae\x89\x01"
	"\x7c\x38\xed\x78\xb4\xb8\xae\xa9\x9b\xca\x03\x54\x8f\xec\x72\x35"
	"\xde\x81\x77\x1b\xf7\xe2\x56\xcd\xd7\x0f\xf1\xa1\x50\x1f\x94\xd6"
	"\xe2\x6c\xe0\x3a\x83\x7a\xc6\xd1\x04\x4b\xd6\x83\xcd\x83\x70\x2d"
	"\xb6\xa2\x89\x2c\xc0\x63\x76\xaf\xff\xa7\xec\x4a\x9a\xdc\xe6\x91"
	"\xec\x5f\xa9\x63\x77\xc4\x74\x7f\x5c\xc4\x45\x87\x39\x40\x20\x25"
	"\xc1\x45\x90\x2c\x02\x92\x58\xbe\x28\xaa\xed\x6a\xdb\x31\xde\xc2"
	"\x4b\x84\xfb\xdf\x37\x12\x5c\x44\x52\x48\x80\x73\xf0\x22\xe4\x23"
	"\x88\x8d\x40\x02\xc8\x7c\x99\x97\x07\x56\xce\xed\xc2\x8f\x6a\xef"
	"\xa4\x86\xa3\xb1\x15\x9f\x73\xf0\x41\xd8\x33\xc7\x1e\xb4\x3b\xe6"
	"\x9f\xf9\xa1\x16\x24\xc4\xee\xf9\x9e\x0a\x54\xf1\x7e\x2a\x0e\xa8"
	"\x8f\x4d\x9b\x97\x57\xf4\xb9\xdc\xb1\x77\x82\xe3\x17\xa0\x0a\x9e"
	"\x95\x91\x92\x44\x2d\x1b\xa8\x1d\x4c\x67\x4e\x6e\x0e\x37\xd2\x70"
	"\x6c\x7f\xdf\x64\xb3\x86\x68\x62\x6f\xe3\x18\xd7\x40\xf9\x29\xf3"
	"\x99\xea\x94\xfa\xe1\x16\xb9\xbe\x06\x91\xac\xcc\x83\xbe\x49\xfd"
	"\x78\xeb\x7a\x59\x09\xf7\x8f\xe6\xa2\x83\xe3\x6b\x63\x14\x09\xc2"
	"\x95\xd6\x36\x33\x67\x10\xb0\xe6\x5d\x9d\x43\x55\xe4\xf9\x93\x39"
	"\x4b\x88\xda\xbd\x2f\xc8\xfc\xf0\x41\x20\xe7\x60\x2a\x1d\xfc\x67"
	"\xa8\xeb\x38\x44\xe9\x6c\x64\x3e\x43\xd0\x6d\xe0\x85\xbe\xeb\x29"
	"\x31\xf7\x19\x10\x5b\xec\x66\x8c\x09\x7f\xeb\xe8\x50\xc1\xc5\x6c"
	"\x0c\x08\x4e\xb7\xbe\xf9\x5b\xc8\x6b\x46\xd1\x4b\x38\x95\xcd\xd6"
	"\x47\x1e\xd4\xc2\x8d\x6b\xca\x14\x15\x55\x13\xe6\xcc\x7b\x73\x2a"
	"\x95\x7a\x55\x98\x15\x55\x72\xe0\x78\x72\xf7\xea\xfc\x94\xee\x48"
	"\xea\xfa\x99\xe7\xa4\xc0\xf4\xfd\x43\xce\x11\xaf\x3d\x21\x94\xf6"
	"\x68\xfe\xe6\xd9\xc9\x51\x88\xe7\xb2\xaa\xc5\xf3\xac\xeb\xe0\x52"
	"\xb8\x2d\x0e\x68\x90\xa0\xe1\x59\x99\x1f\x4f\xf3\x1b\xdb\x2e\xc5"
	"\xf1\xd4\xfc\x09\x76\xa5\xb5\xd2\x4e\x08\xe2\x18\x28\x71\x9a\x88"
	"\x3e\xbf\xf3\x7c\xf6\x57\x3f\xaf\xcd\x71\x11\x0a\x7d\x26\x05\xbf"
	"\x57\xba\x38\xf0\xbf\xcf\xf6\xc2\xde\x96\xf3\x28\x54\x5d\xca\xf5"
	"\x12\x61\x83\x6d\x04\x84\x08\x60\x9f\x65\x0c\xdb\xd2\xd4\xcc\x78"
	"\xb1\xa8\x36\xbe\xdd\x01\xfc\xe4\xfc\x1d\x12\x97\xae\x34\x3a\x8d"
	"\xc2\x5d\x1c\xc3\xf6\x4d\x1d\x86\xc9\x1d\x41\x6e\xd0\x86\x8c\xaf"
	"\xfc\xd4\xe2\xfe\xa3\x33\x14\xf8\x7f\x35\xb9\x25\x3b\xc7\x5e\x4e"
	"\x63\xd4\x67\x48\xe1\x56\x81\xe3\x90\x8a\xc2\x81\x27\x2e\xef\x8f"
	"\x44\x0c\x4d\x58\x1f\x9f\x0b\x36\xf1\x0a\x16\x17\x95\x32\x3b\x15"
	"\xc9\x33\x88\xeb\x78\x80\x8b\x4e\x25\xba\x37\xb2\x67\xec\x01\xd2"
	"\x71\x1f\x7d\x38\xb1\x5c\x3c\x39\x39\x93\xec\xce\x29\x71\x40\x9b"
	"\xa6\xc9\x36\xde\xe1\x00\x99\x7a\x61\x8b\x8a\x55\xa7\x83\x35\x90"
	"\x4d\x9e\x26\x36\x79\x7f\x44\x88\x02\x28\xa3\x24\xc3\xcb\xdf\x9f"
	"\xa0\xa0\xf2\x8c\xa8\xd1\x6b\xc9\x3e\xab\x41\x6d\x0d\xac\x72\x49"
	"\x53\xdf\xb7\xe7\xb0\x49\xed\xf2\x38\x59\xca\xc7\x1b\xb0\x36\xd7"
	"\xdd\x37\xb3\x7e\xa3\x75\xa1\x46\x38\x96\xa3\xde\x6e\x5f\xdb\x0b"
	"\x79\x46\x21\x05\x18\x29\x49\xdf\xf3\x7d\x8a\x63\xc0\x97\x1f\x91"
	"\xf5\x5b\x4d\xa7\x5c\xed\x30\x70\x8c\xde\xb5\x59\xc5\x7a\x13\xb5"
	"\x02\x21\x7d\x3b\x08\x76\x25\x28\xa2\xd4\x9c\x01\x04\x2f\xc9\x93"
	"\xf5\xf1\x5e\xb7\xb3\xc8\xb5\x3a\x86\xcb\x95\x4a\x66\xad\x26\xe8"
	"\x01\xb8\x50\xe6\xbe\xd7\xd6\x88\x43\x6f\x43\xd4\x8c\x0f\x66\xfc"
	"\xd8\xe3\x67\xb8\xa1\x16\x39\x2a\x6f\x59\xc1\x4a\x35\xdb\xaa\x59"
	"\x26\x68\xe0\x6f\x5b\x4f\xaa\xed\xf3\x76\x1b\x71\xd3\x79\x76\x5d"
	"\x4f\x3c\xc0\xd4\x8f\xeb\x4e\x64\xf3\x40\x90\x90\x98\xe5\xe0\x06"
	"\x98\xcf\x13\x97\x3c\xbc\x90\xc6\xeb\x7a\x81\xd2\xb6\x0a\xf3\x78"
	"\x78\x2a\xb9\x9a\xa1\xe4\xfc\x75\xd5\x9c\x6e\x12\x72\x19\x2c\x6d"
	"\x27\x49\xda\x1f\x5a\xce\x2d\x13\x84\xf9\xa4\x54\x14\xc7\xc9\xc3"
	"\xe0\xd0\xd2\xf1\xc2\x80\x2f\xf5\xdc\x3f\x44\x89\x28\x91\x14\x75"
	"\x84\x79\x24\x17\xec\x00\x11\xc4\x75\x7e\x20\xc2\xc8\x70\x01\xd2"
	"\x46\x16\xa9\x1f\x79\xf3\x92\x74\x89\xc1\xb2\x14\x70\xb0\x90\x22"
	"\x9b\x38\x90\xab\x3f\xd8\xb9\x23\x88\x8f\xa2\x42\x65\xac\x3e\x9a"
	"\x75\xcc\xcb\x42\x7d\x1f\x29\x48\x2e\x99\x40\xe0\xb7\x9b\x50\xde"
	"\x6d\xa3\x4c\xb2\xf9\x0d\xb1\xfa\x69\xb9\xac\x57\xd2\xe8\x11\x35"
	"\xbd\x57\xd2\xf8\xb1\x40\x94\xa8\x22\x0e\x7c\xcf\x55\x4e\xc9\xe7"
	"\xe7\x51\x3a\xc1\xf1\x90\xf1\x36\xac\xa1\x7c\x6f\xd6\x74\xa7\x8f"
	"\x0e\x57\x0b\x06\xd1\xdd\xd9\x2b\xab\x2f\x01\xa6\x22\x82\x2c\xf0"
	"\x5c\xb5\xd3\x8c\x26\x6a\x17\x36\xdb\x1e\x54\xe0\x27\x62\xd6\x1e"
	"\xf3\x86\x23\x66\x30\x75\xc3\x04\x37\xb2\x8e\x4e\xdf\x67\x38\xd7"
	"\x54\x3a\x53\xde\x48\xc4\x6e\x95\x5f\xd8\x9e\xe5\xad\x2b\xd7\x3c"
	"\x63\x04\x1d\x4d\x0d\x99\x4f\x26\x33\xd9\xb8\x9b\x37\x09\xa7\x7e"
	"\x10\x53\xc1\x34\xa6\xe0\x34\x5d\x22\xf8\xb7\xcf\x19\xb9\x9b\x35"
	"\xde\x66\x7e\xe0\xf9\x8e\x9a\x69\x9d\x2e\x2f\xe7\xf7\x46\x4f\xb2"
	"\x84\x81\xa4\xe6\x0e\xd2\x14\xda\x8d\x18\xfd\x72\x35\x27\x17\x84"
	"\x95\xd5\xb9\x22\xeb\x46\xa3\x76\x12\xaa\x99\x4d\x45\xa1\xa5\xfa"
	"\x98\x79\xce\xc1\xf6\x4a\x53\x5c\x4c\x66\x45\x5a\x64\x57\xa5\x17"
	"\xf4\x36\x39\x93\x7b\x5a\x21\x34\x05\x52\x80\x50\x20\x8d\x80\xd0"
	"\x06\x80\x0b\xa5\xbb\x88\xbb\xf7\x79\x6c\x8c\xdb\x7b\x2d\x56\xfb"
	"\xc3\x39\x37\x4b\xf7\x90\x5a\xff\xc5\x99\x62\x0f\x1d\xf2\x72\xe4"
	"\x1e\xc9\xbf\x42\x18\xae\x87\xcb\x27\xa0\x4b\xf8\x5b\x4f\x29\xf6"
	"\xe9\xeb\x87\x87\x6f\x1d\x89\xca\xdf\x1f\x7e\x7d\x53\x19\xbc\x3e"
	"\xfc\xfa\x38\xa0\x0c\x3a\xfb\x05\x6b\x77\xde\x82\x69\x02\x6e\x62"
	"\x64\x20\x84\x99\xb8\x45\x64\x06\x3b\xad\xaf\xdf\x7f\xff\x42\xfd"
	"\x80\x34\x8f\xcf\x34\x12\xb2\xfa\x39\x70\xfe\xcc\xd2\xf6\x7b\xe8"
	"\xf1\x62\x41\x88\xda\xc9\x80\xd7\x0d\x63\x36\xe8\x10\x42\x33\xb8"
	"\x3d\x72\x64\x06\xe9\x40\x9c\xa8\x7d\x50\xbb\x04\xe9\x4a\x9c\x7e"
	"\xbe\xfe\xf8\xfc\xf2\xf5\xfd\xc3\xa7\xaf\xbf\x5e\x7f\xfc\xfb\x65"
	"\xe1\x70\xdc\x3f\x5f\x9d\x44\x6e\x2f\xc7\x9b\xea\xd9\xcc\xee\xd7"
	"\x89\xf3\xf3\xc2\x75\x7f\x48\xc6\x96\x99\x4e\xfe\x98\x3f\x03\xe7"
	"\x80\xb4\x43\xd4\xcc\xbf\xab\x90\xee\xc1\x78\x7b\xc6\x87\x77\xd5"
	"\xc2\x62\x6d\x48\x53\x4b\xa6\x59\xcd\x98\x00\xea\x28\x4a\xd3\x35"
	"\x20\xd3\xc1\xe3\x0d\x22\x1f\x77\xe6\x22\x3c\xa9\x8d\x06\xe2\x51"
	"\x3c\xc1\x04\x7e\xec\xc0\x64\x3d\x29\x64\x13\xa7\x91\x1d\x59\x3c"
	"\x3e\xee\x32\x5b\x61\xe1\xf8\xc0\x58\x56\x10\xe8\x01\x8b\x30\x4b"
	"\x8f\x40\x09\xf3\x88\x1f\x3b\x41\xe9\xc6\x77\xb4\x6d\x37\xae\x1d"
	"\x15\xe2\x69\x18\x84\x6e\x4c\x18\xba\xde\xd5\x26\x61\xb4\x75\x80"
	"\xa8\x70\x00\xea\xc6\x0f\x7c\x3b\xa6\xcc\x2f\x12\x99\x87\x47\x0c"
	"\x90\x84\xc2\x4a\xe0\x78\x5d\x7f\x32\xed\x00\xc9\xea\x42\x2e\xe4"
	"\xd9\x81\x3a\x95\x8f\x3b\x47\xcf\x56\x6a\x86\xd9\x38\xfa\x95\x07"
	"\x57\x59\x9d\xe8\x11\x63\x60\x1d\x91\xad\x74\xbe\x8f\x92\xda\xf7"
	"\x5b\xc7\x00\xd8\x51\x6e\x9b\x1a\x61\x6a\x43\xa7\x2d\x35\xab\x41"
	"\x90\xae\xd9\xf5\xc3\x90\x76\x25\x6a\xe7\x8b\x44\x4b\xb8\x61\xc2"
	"\xcc\x01\x40\x0e\x0e\x47\x00\xad\x76\x88\xf5\xfa\x08\x39\xec\x11"
	"\x5b\x92\x1b\x02\x0b\x6c\x34\x43\x5c\xb9\x0b\x74\x62\xea\xf3\xe6"
	"\x08\xf9\xc4\x08\xd3\x5a\x2e\xa1\x0e\x94\x60\x59\x7e\x61\x25\x16"
	"\xfa\x66\xc4\x49\x8e\xcc\xc3\xb7\xf7\xe9\x8b\x41\x3b\xe6\x42\x9a"
	"\x86\x55\x8e\x57\x71\x72\xd0\xf7\xf3\x8e\x82\xd7\x84\xe6\x55\xb3"
	"\x5b\x81\xda\x11\xe4\x42\xfc\x06\x93\xac\x3c\x38\x9b\xe0\xc2\x32"
	"\xf5\xc3\x0e\x7a\x7b\xcc\xcb\xe3\xc9\x31\x54\x88\x88\x3c\xdf\xb7"
	"\x63\x60\x29\x3f\x19\xe9\xa1\x47\x48\x5b\x93\x09\x9d\xdc\x2c\x59"
	"\xe9\x33\x98\x64\xc9\x78\x38\x4a\x6b\xa1\xe5\xd8\x5d\xe3\x0d\xd7"
	"\x36\x14\xfd\x56\x75\x28\x9e\x89\xc6\xd5\xfd\xd6\x6a\xb9\xea\x09"
	"\x3a\x2d\xf0\x54\xc4\xea\xd9\x86\x64\x22\x3a\xc8\xe9\xce\x70\x22"
	"\x38\x92\x52\x69\x99\x07\xa3\xec\x11\x42\x02\xcd\x9d\x00\x46\x99"
	"\xe1\xf0\x61\x09\x13\x79\xc3\x48\xa1\x46\xab\xd2\x69\x36\x78\x55"
	"\x61\x02\x15\xb4\xc9\xf3\x89\x27\xd1\x24\xf1\x5a\xca\x30\xfe\xf3"
	"\xe7\x8f\xde\x5b\x66\xc5\x9c\xf5\x6d\x8a\xab\x1b\x20\x0a\xed\xe9"
	"\xe5\x6e\x65\x99\x20\x48\x26\x92\x14\xa1\x72\x98\xe3\x92\x34\x49"
	"\xd6\xc1\xb6\x2b\x60\xd4\x8d\x69\x7c\x2f\xf0\x51\x0e\x86\x19\x14"
	"\xce\x10\xae\x1c\xe1\x02\x9d\x21\x4f\x4a\x87\x61\x2d\x65\x8d\x13"
	"\xba\x3b\x05\xbe\xe7\x87\xeb\x70\x81\xbb\xce\x70\x92\x59\x95\xf9"
	"\x95\xd1\x32\x0d\x11\xcd\x67\x86\x7f\x4e\xa9\xe4\x07\xdf\xf7\x56"
	"\x40\xa5\x14\x35\x6e\x28\x74\x8f\xdd\xac\x03\x67\xcf\x25\xa9\x11"
	"\x37\xa8\x29\xee\x48\x78\x2d\x8e\x6c\x45\x8e\x79\x2e\x99\x1b\x74"
	"\x20\x05\x69\x57\xc2\xfa\x6f\xca\x8d\x6e\x69\x88\x99\xd0\x4d\x71"
	"\xfb\xd3\x1b\x26\xc5\xc9\x89\x3b\x54\x55\xc6\xdc\x85\x3c\xaa\x65"
	"\x30\xaf\x9d\x30\x56\xb0\x00\xe3\x69\x9e\xe2\x44\x2c\x9e\x93\xd8"
	"\x77\x97\xee\x54\xbe\x5d\xd1\x1b\x8f\x72\x1f\xf8\x81\xfb\xbb\xce"
	"\xb1\x55\x73\x0e\x72\x8f\x14\x3d\xf3\x5d\x2f\xa8\xbf\xe8\x3d\x76"
	"\xcd\x04\xa0\x94\x77\xdf\x4f\x57\x64\xa9\x14\xf8\x68\xcd\x20\xe0"
	"\x5c\xf8\xfe\xc6\x0d\xcb\x8b\x3d\x11\x57\xce\xea\x15\x58\xfd\xc3"
	"\x3d\x10\x78\x1b\x9f\x8a\xab\x14\xee\x5a\xb3\x32\x6f\x99\xbb\xc9"
	"\xf9\x63\xe2\x07\x4e\x94\xda\x70\x70\x60\x6d\x73\xf7\x72\x26\xaf"
	"\x7b\x19\xb5\x9e\x7b\xd1\xd0\xff\x6f\xd8\xe1\x28\xd7\x41\x2f\xcc"
	"\x3d\xc8\x56\xce\xde\x97\x4c\xea\xdb\xd3\x35\xa3\x47\x5f\x3a\x54"
	"\xbc\xae\x04\xc6\x13\x79\x57\x52\xa6\x36\xe5\xee\xa5\x41\x75\xa2"
	"\x9e\x9d\xaa\x35\xc8\xc0\xf3\x36\x2b\x71\xd1\x4a\x9c\xfb\xbb\x6e"
	"\xf8\x15\x89\x34\x31\x9b\x74\x58\x91\x93\x6c\x05\x4c\xac\x6a\x6f"
	"\x21\xfd\x20\x0c\x56\xc0\xf8\x7e\x4d\xe1\x4e\xcd\x5e\x29\x80\x38"
	"\xa5\xd3\x0c\xdc\xa6\x71\xb4\xa2\x99\x6b\x11\x47\x5e\xe2\x9e\x8e"
	"\xdf\xe6\x32\x0e\x02\xf7\x48\x78\x8b\x6f\x61\x66\xdd\x51\x1d\x79"
	"\xaf\x50\x84\x2b\xda\xc7\x0d\x81\xf5\x5b\x5f\x73\x66\xa2\xfd\x7f"
	"\xa0\x25\xb2\xa7\x9e\xad\x93\x2b\xfa\x06\xf4\xd4\xd6\x48\xc5\x39"
	"\x53\x49\x2a\xce\xab\x72\x79\x6e\x0a\x2c\x4f\xcb\x34\x72\x49\xe3"
	"\x60\x03\x16\x57\x72\x6e\x72\xd9\x8b\xb3\xc4\xdf\xb4\x96\xd3\x80"
	"\x4e\x51\xa4\xea\x71\x74\x2e\xee\x80\x3b\x4e\x7c\x84\x0d\xb0\x3f"
	"\xd9\x0c\x5b\x4f\xf5\x94\xc4\x4e\x72\x3a\xd4\x71\x07\x71\xf9\x50"
	"\xc6\xf7\xfe\x10\x98\xa7\xdb\x8d\x7f\xad\x2f\x0d\x76\x66\x32\xe2"
	"\xc0\x5e\xe4\xcc\x76\x0d\x42\x81\xd0\xe1\x34\x2b\x9e\x8e\xbd\x70"
	"\x9d\xdb\x0b\xf7\x62\xc9\xfa\x06\x14\xb6\x73\x13\x4e\xd2\x8d\xb5"
	"\x05\x0e\x75\x40\xac\x62\xb0\x36\x52\xaa\x0f\x76\xe4\x7e\x43\x65"
	"\x39\x44\x34\x6b\xac\xfd\xc6\x34\x3f\xb7\xcc\x03\xfb\x51\xb1\xda"
	"\x95\x97\x3d\xd2\x06\x6c\xe5\x9b\xad\xad\xa5\xa1\xf1\x38\xb1\xe6"
	"\xf1\x9c\x93\x25\x2b\xfd\x02\x41\xb9\xef\xd9\xde\x02\x8e\xd3\x05"
	"\xf4\x64\xdf\x1d\x68\x87\x9e\x86\xbb\x06\x43\xe3\xd9\x6a\x41\xf7"
	"\x69\x84\xd0\x82\xf4\x88\x0b\x77\x77\x11\x80\xf4\x98\x73\x75\x63"
	"\x53\x49\xd2\x3c\x83\xc1\xbe\xab\x37\xb3\xb6\x08\xad\xdf\x29\xe3"
	"\x42\x15\xff\x64\x6d\x5c\x82\x6a\xf3\xfd\xcd\x89\xa6\x51\x87\x0f"
	"\x54\x6d\x25\x1b\x62\xfb\xb2\xb2\xe6\x1c\xc4\x5e\xbb\xe2\xb3\xd0"
	"\xc8\x38\x5a\x8d\x4c\x4c\xc8\xf9\xf5\x90\x3e\x1f\xaa\x1b\x56\xca"
	"\x29\x81\xff\x98\xd8\xef\x33\x66\x66\xd5\x9c\x6d\xcc\xd4\x89\xc7"
	"\x97\x1f\xef\x35\xbd\x3f\xfb\xab\x7a\x18\x58\xd0\x46\x66\xc3\x66"
	"\x7e\xb2\xaf\x13\xe0\x6f\xd4\x6d\xb3\x43\x40\xf8\x83\x47\x8c\x36"
	"\x4a\x23\x6a\xca\x6a\x61\xf2\x8c\xe9\xc4\x05\xdb\x29\xf1\xfd\xab"
	"\x1b\x72\xb1\xbd\xb6\xf3\x7e\x5e\x64\xbc\x7c\xb3\x08\x38\x46\xa1"
	"\xd2\x67\xd3\x50\x47\x1e\xa4\xde\xd9\x01\xdd\xcd\x87\xc0\xd8\x59"
	"\x51\x05\xef\x40\x78\x6e\x64\x01\xa5\x1f\x5f\x7e\xbc\xbc\x83\x58"
	"\xed\x37\x0e\xe0\x61\x5d\x9c\xdb\xd3\x9c\x8d\xec\xaa\x25\x6b\xb7"
	"\xe9\xb5\x96\x73\xeb\xdf\x8e\x12\x4b\x27\xa3\x95\x21\x05\x84\xc2"
	"\xed\x62\x4a\x20\x5c\x66\x65\xf5\xb6\xc2\x3c\x55\xae\x07\x81\x28"
	"\x06\xc0\xf6\xaf\x14\x40\x63\x98\x8e\x22\x03\xc2\x46\x08\x87\x00"
	"\x71\x21\xe6\x71\x1c\xce\x0b\x82\xec\x8e\xc9\xef\xf5\xc7\xa7\x97"
	"\xcf\xf7\xdc\x02\x7d\x0d\x34\x2f\xfa\xc2\x37\xb1\x17\xa5\xc1\x7c"
	"\xcd\xea\xe8\x9d\xbf\x7d\xfd\x87\x16\xfc\xec\xf2\xd5\x3c\x07\x06"
	"\xc2\x8d\x3e\x0f\x18\xef\xd7\xba\xf0\x7c\xcf\xd6\x8c\x23\xca\xb7"
	"\xa1\x86\xa2\xea\x38\x22\x60\x2c\x07\x27\x76\xb6\x07\xd4\x4e\x36"
	"\x44\x6d\xe2\xa7\x90\xd6\x06\x81\xa8\x51\x4b\xd2\xfb\x39\x62\x4e"
	"\xfd\x31\x49\xbc\xf6\xec\x14\x86\xc6\x7d\x83\x74\xfe\x50\x2e\xc1"
	"\xf1\xf7\x41\x48\xa8\x43\x3e\x75\x20\x5a\x08\xd4\x44\x59\xec\xbb"
	"\xe0\x89\x6c\xe1\x6b\xb1\x00\x76\xb4\xf8\x38\x89\xc6\x12\x8f\x57"
	"\x08\x20\x47\xeb\xc7\x22\x28\x2d\x11\x1b\xc2\x11\xe1\xc7\x4c\x24"
	"\xad\xb5\x3f\xfa\xb9\xec\x8d\x24\x07\x34\xa0\xd7\x1c\xea\x82\xb1"
	"\x7d\x1b\xb7\xb1\x75\x9c\xf4\x16\x8a\xb5\x70\x66\x46\x1a\x6a\x13"
	"\x37\x75\x60\x13\xef\x45\x71\x2d\x6a\xd7\x3b\x28\xb8\x62\x10\xb5"
	"\x9e\x65\xec\xc0\xa8\x9a\x09\x4c\x0a\xec\x9e\x08\xa9\xc9\x29\x81"
	"\x97\x8e\xca\xa6\x1b\xc9\x86\x9e\x03\x4a\xad\x9d\xd1\xce\x4f\x4d"
	"\xa0\x57\xbd\x70\xce\x2e\xf5\x8e\x67\x0a\x21\xcc\x11\xd3\x2e\x0e"
	"\xa3\xaf\xcc\x0a\x73\xb8\xa0\x8b\x5a\xa8\xca\x6c\x6e\x7d\x36\x26"
	"\x6a\x72\x6a\xb5\x00\x98\x79\xfe\x6f\x30\x18\x6a\xdd\x04\x6d\xce"
	"\xa6\x73\xfc\x47\xc8\xcf\x6b\x70\xc5\xbe\x9f\x26\x7b\x36\xb5\x77"
	"\x86\xd5\x64\x42\x4d\x7b\xb1\xc5\xc9\x91\x54\xfd\xa9\x39\x12\x22"
	"\xe7\x8c\x6a\x06\x6a\x6c\x15\xcf\x8b\x0e\xe8\xf9\x62\x5e\x3e\x4c"
	"\xa8\xf4\x87\xac\x18\x01\x3e\x00\x32\x31\x56\xd5\x49\x9a\xd2\xff"
	"\x24\x76\xf3\xe4\xfd\x25\x1b\x22\x92\xd3\x2e\x0a\xda\x24\xae\x1c"
	"\x0c\x11\x7a\xae\xb3\x79\x2a\xc9\x44\xdd\xd4\x0b\x22\x18\x9d\x64"
	"\x23\x19\x57\x0f\x36\xd9\xce\x2c\x6c\x76\xd1\x1a\x3e\x70\x80\x81"
	"\x7e\x20\x7a\x2a\x29\x93\xbb\x5c\x3f\x50\x9a\x93\x90\x9a\x7a\x75"
	"\x0c\xb4\xd4\xd9\xb1\x04\xd4\x60\x5d\x34\x8d\xed\xa3\x7e\x5c\xf5"
	"\x5d\x37\x2b\xf7\xd5\x3c\x19\x8e\xad\x88\x5c\xa4\xa9\x76\xee\xac"
	"\x71\x26\x89\xfc\xd4\x0e\x2f\xe4\xbf\x3f\xff\xfa\xf4\xfd\xf3\xeb"
	"\x1f\x35\x62\xe0\xe5\xf4\xe3\xa7\xef\xa6\xe5\x10\x1e\x23\xcd\xae"
	"\x53\x7f\x74\xd4\xe0\xbc\x44\x3c\x14\xfb\x37\x58\x76\x24\x23\x40"
	"\xfd\x6d\x45\x14\x92\x6e\x42\xe4\x6c\x71\xc0\xd4\x94\x6c\xa3\x8d"
	"\xbf\x02\xf3\xc7\x8e\x61\x25\x4c\x32\x56\x0c\xe6\x24\x03\xf2\x2c"
	"\x5f\x9b\x0b\x2f\x5a\x5a\x17\x26\xc3\x1b\x40\xf4\x21\xb2\x40\x43"
	"\x9a\xf7\x1a\x29\x0e\xd5\xee\x16\xa4\x0c\x7a\x6b\x54\xf1\x81\x0d"
	"\x7c\xc1\x2b\x5e\xd3\x07\xc1\x21\xfd\x23\xb0\x81\xdf\xe2\xf0\x98"
	"\xec\xe8\xba\xec\x99\x1f\x85\x11\x5a\x72\x2d\x8f\x43\xbb\xbc\xb5"
	"\xc8\x79\x96\x44\xb1\x4d\x0c\x64\x43\xa8\x9c\x61\x27\xfa\x5a\x28"
	"\xb0\x03\x1c\x25\xac\x19\x6b\x37\xa8\xb4\xd4\x87\x71\x01\x2a\x17"
	"\x4c\x44\xd1\x36\xb2\xc9\xe3\xd0\xb3\x89\xb7\x31\x3e\xc8\xcf\x08"
	"\x01\x66\x2f\x5b\x5c\xb7\xdd\xa6\x88\xff\xfc\xfc\xf5\xfa\xe5\xe1"
	"\x5f\x10\x20\xaa\xeb\xcd\x87\xbf\x7d\x51\xdd\xfc\xf9\x3f\x0f\xaf"
	"\x5f\xfe\xf5\xfa\xfe\xfd\xeb\xfb\x87\xbf\x7a\xd4\x3f\x94\xc2\xfb"
	"\x4e\x7d\xd5\x7f\x5f\x76\x78\xcf\x98\x83\xbe\x9f\x82\x7b\x98\xf5"
	"\x23\xce\x72\x88\x0c\xa9\x83\xcb\x99\xb8\x67\x51\x2c\x62\x4f\x0e"
	"\xb0\x9c\xe7\x67\xbc\x33\xac\xa5\x29\x2b\x4e\x32\xf6\x88\xca\x2b"
	"\xdc\x86\x4a\x0f\x13\x4a\x6c\x0c\xba\x00\xd1\x7e\xd0\xbd\xe2\x3a"
	"\x7b\xf6\xe9\x54\xa3\xf9\x36\x8f\x61\x6b\x19\x1e\x5c\x22\xdc\x70"
	"\x20\xee\x1d\xe2\xf0\xe7\x3b\xb5\xee\x3e\xb2\xc4\x1f\xa5\x01\x7c"
	"\x55\xbb\x1b\x85\xf9\xab\x9b\x05\x5e\xde\xbf\x7c\xff\x85\x7f\xfd"
	"\x19\xab\xc0\x34\xfa\x14\xe0\x85\xe9\xa3\x35\xa9\x1d\x3c\x76\x87"
	"\xa3\xab\x5b\xed\x2a\xb9\x3f\xbd\x7d\x7b\xad\x04\x12\x87\x52\xd7"
	"\x8c\xc0\x2a\x79\xc6\xc7\x8b\x64\xe5\xf3\x92\xd2\x5f\x17\xba\xfa"
	"\xf5\xb1\x5b\xab\xfa\x8a\x4d\x3e\x82\x65\xa5\x60\x4d\xb7\x8c\x26"
	"\x21\x4f\x3b\x5c\x58\x90\x73\x6e\x19\xcd\xc0\xaf\x8a\x47\xc9\x19"
	"\x21\x30\x69\x3b\x20\x58\x34\x36\x16\x9a\x4e\x01\x3b\xf3\x8e\x9b"
	"\x0a\x5c\x33\x94\x1b\x16\x64\x5d\x30\xee\xe5\x13\xc6\x7d\x76\xcd"
	"\x1e\xf8\xcb\x4f\x18\x23\xf4\xb6\x58\x64\xf7\x2d\xab\xa9\xf3\xf5"
	"\xc6\xc4\xac\xe2\x83\xb8\xed\x18\xf6\x3b\x92\x05\x14\x66\x73\x63"
	"\x05\xb9\x6d\x86\xea\x2a\x3e\xcc\x29\x28\x04\x9d\x31\x40\x08\x9b"
	"\x15\x34\xf6\x87\x92\x57\xdd\x30\x44\xe5\x6a\xc7\x1f\x04\xb8\xb4"
	"\x25\x01\xb6\x13\x54\xe2\xc1\xa1\x0d\x05\x2c\x26\x95\xa9\xc4\x34"
	"\x0f\x81\x40\xed\x3f\x53\xb5\x1e\x79\x78\xa1\xac\x33\x0a\x00\x5a"
	"\xb8\x80\xc1\xa5\x77\xf3\xcd\x4c\xfc\xf6\xb9\x7c\xe2\xf5\xf5\xf0"
	"\xb4\x68\xd5\x71\x80\xd5\x3f\xbe\xfd\xfa\xf6\xee\xdb\xe7\x7e\xa4"
	"\x4d\x8f\x73\x6a\x3d\x64\x16\x96\xe3\x90\x0a\x81\xcd\x20\xfc\xda"
	"\x5d\x7c\xa1\x79\xc5\x8a\x3c\x0e\x5a\x0f\x95\xdf\x7d\xcf\xa3\x6c"
	"\xca\x04\x03\xbf\xf4\xb4\xa1\xfe\xd5\x0a\xef\xbc\x30\x0b\xa1\x65"
	"\x3b\x71\x34\x86\x8f\xaf\xe7\xe1\xe1\xd5\x4f\x24\x74\xa2\x92\x3c"
	"\xbc\xfb\xfc\xa9\x0b\x78\x73\xaf\x8d\xc3\x83\xb4\x60\x40\xdf\xf5"
	"\xa8\xf7\x9c\x66\xb7\xa1\x1b\x4a\x9f\xba\xb9\x40\xcb\x6f\x65\x2c"
	"\xc9\x07\x88\x73\xfb\xf2\xeb\xdb\x8f\x7b\x25\x53\xd6\xaa\x9c\xdf"
	"\xde\xfd\xdf\xfd\xae\x45\x89\xae\x7e\x94\xa6\x2a\xf7\x4a\x1b\xd5"
	"\x4e\xfd\x3e\x3a\x7f\xee\x07\xf0\x45\x28\x73\x79\xa9\x1a\xed\x18"
	"\xaa\xf7\xcf\x42\x12\x5e\x03\x3d\xf4\xc4\x01\xe4\xe5\xfd\xfb\x4f"
	"\xe0\x16\xa2\x56\x34\xfd\xb6\x9f\xff\x9c\xbc\xa7\xd3\xb8\x27\xee"
	"\x88\xac\xec\x36\x38\x13\x80\xfa\xdf\x7d\xe0\xd5\x9b\x60\x11\x09"
	"\xd6\xa6\xc4\xf7\x32\xd0\x57\xad\x72\x4e\xeb\x20\x14\x5e\x6a\x05"
	"\x09\x55\x4f\x84\x32\x61\x84\xb4\x7e\xe4\x99\x2e\x4d\xc7\x17\x89"
	"\x79\x44\xae\xa1\x7c\xf5\x53\xea\xc5\x1b\x7b\x1d\x00\x93\xda\x31"
	"\xac\x7e\xda\x78\xfe\xd6\x85\x71\xbe\x4b\x63\x12\x3b\x46\x55\x25"
	"\x8d\x91\x73\xac\x29\x66\xeb\xc2\x64\x7c\x1b\xfb\x91\x33\x9f\x76"
	"\x45\x79\xb6\x88\xf3\xc2\x0c\xb3\x5d\x91\x4f\x98\xac\x78\xd7\x0a"
	"\xcc\x76\x4d\x79\x52\xcb\x80\xd1\xab\x87\x9e\xcb\x60\x1e\x33\x8d"
	"\x9d\x0e\x21\x76\x1d\xc2\x3e\x3c\x33\x9e\x6e\xec\x2d\xfd\x58\x19"
	"\xb9\x3b\x07\x71\xc1\xa6\x1b\xdd\x31\x95\x1c\xaa\xf9\xa1\xfe\x20"
	"\xd9\x29\xa5\x82\xd8\xbf\xcd\xc7\x23\x79\xe3\xf8\xaa\xe8\x69\x47"
	"\x5c\x15\x5b\x0c\xc5\x61\xf6\x50\xb3\xe4\x8c\x8b\xa2\x4f\xd0\x87"
	"\x51\x40\x03\xaf\x6a\xc4\xd5\x36\x3d\xf2\x83\x49\x04\xd4\xde\x93"
	"\x66\xf1\x08\x6b\x9e\x96\xfc\x67\xdd\x0c\xb4\x9c\x8a\x27\xcf\x75"
	"\xb1\x7a\xc6\xf3\x9b\x2e\x3e\xf2\x97\x97\xef\xdf\xd5\x9e\x4f\x3f"
	"\x66\x50\x86\xf5\x73\xc9\xa6\xed\xa8\x3e\xcc\xf7\x53\xf5\x78\xcd"
	"\x86\xcb\xb3\x0b\xa9\x77\xb8\x78\x2f\xe1\x1f\xec\xae\x44\x43\xc6"
	"\xb9\xd7\xb6\x5f\xec\x90\x0d\xaa\xbb\x69\xf9\xb1\xb8\x64\xb8\x94"
	"\xef\xd2\x58\x20\x36\x3b\x1d\x40\x2d\x4a\xc8\xae\xad\xbb\xe2\x2b"
	"\x3c\xc4\xb2\x72\xe8\x04\x8a\x58\x7b\x68\x79\x0b\x15\xb5\x88\xcd"
	"\xfb\x36\xd8\xdb\xeb\x5a\xbf\xfe\xf9\xae\xd6\x46\x53\x2f\xda\xfc"
	"\xd0\x7a\x40\x69\xa9\x96\xf6\x6c\xf2\x3c\x07\x20\xb0\x34\x9c\x3e"
	"\x4b\x0b\xad\x00\x30\x35\xb0\x00\x64\xcd\x68\x90\xfa\xf7\x77\x73"
	"\x7c\x9f\xdd\x57\xbf\x3f\xcc\x62\xae\x86\xd9\x49\xcc\x43\xbf\x2f"
	"\x15\xbb\x6a\x66\x5c\x64\x3e\x1f\x40\x79\x87\x42\x02\x2f\x76\xb6"
	"\x0d\x19\x0d\x03\xbf\x35\x2a\xb8\x8e\x42\xaa\x6f\xd0\x8f\x37\xd6"
	"\xd6\x87\x48\x37\xad\xab\x03\x2d\x23\x93\xd3\x30\x4c\x53\x4b\x0f"
	"\xd7\x4c\x54\x48\x54\xa6\x6e\x6c\x36\xc4\xdf\xcc\xc3\xa7\x76\xde"
	"\xa3\x6a\x33\x8e\x57\xef\x62\x2e\x52\x67\x7a\x44\xce\xa6\xdb\x99"
	"\x4e\xa6\x7d\x3e\x67\x13\xfd\x2d\x79\x88\x75\x6e\xc9\xba\xc3\xa1"
	"\x53\xc5\x12\x04\xff\x95\xd8\xed\xd4\x14\xcc\x91\xfb\xcd\x29\x46"
	"\xaf\x93\x35\x32\x0d\x4c\x81\x85\xa4\xc1\x36\x0a\xec\x6d\x70\x17"
	"\x9b\x69\x2a\x33\x14\xdb\x80\xd2\xb3\xce\x64\x31\x9d\x88\xba\x09"
	"\x0b\xcb\xbe\x93\x76\x49\xd5\x7e\x8f\xd1\x7a\x03\xa6\xc9\xf5\xa5"
	"\x1c\xaf\xb2\x1c\x2d\x8d\x38\xd5\x75\xf1\x7c\xff\xb2\x2e\xdd\xb2"
	"\x6d\xaa\x81\xa3\x08\xa0\x68\xf0\x05\x58\x3c\x48\x46\x87\x90\xe2"
	"\x08\xa3\x8b\x90\x96\x6c\xe0\x4e\x04\x78\xa2\x60\x2a\xc5\x26\xf9"
	"\x3e\xfb\x6b\x26\x82\x04\xf9\x98\x66\x90\x15\xb9\x04\x56\x48\x91"
	"\x1f\xaa\x6b\x7e\x0e\xad\x20\xb1\x13\xd6\x1a\x61\xf2\x21\x04\x10"
	"\x26\x1f\xf2\xdf\x3d\x05\x68\x50\xba\x01\x03\xe6\xf5\xc9\x82\xca"
	"\x11\x03\x05\xd6\xd2\x32\x51\x03\xc8\x8a\x51\x19\xa5\x5b\x2f\xb4"
	"\x62\x8a\x3a\x4d\x10\xb7\x85\x01\x82\xce\x0f\xb7\xf7\xe8\x16\xb2"
	"\xbf\x47\xd2\x30\x8e\x7c\x2b\x26\xcb\x65\x4e\xa5\x66\xe3\x68\xfd"
	"\x4d\x8c\x5c\x78\x0c\xe8\x4e\xd1\xe6\xbb\x9d\x15\xa5\x7a\x65\xe3"
	"\x47\xad\x1b\x83\x71\x3e\x4c\x30\x41\x94\x38\x31\x09\x72\x0b\x34"
	"\xc1\x44\xa9\xe3\x5d\xaa\x52\xe1\x26\xb1\x8e\x91\x03\x39\x1d\xf2"
	"\x6e\x6a\xdc\xd8\x3f\x9f\x46\x46\x5e\x68\x1f\x03\x8d\xdc\x6e\xa2"
	"\xe8\x6e\xcd\x7a\xfa\xfd\xf2\xf9\xdd\xb7\x2f\x5f\x1e\xe4\xeb\xbb"
	"\x8f\x5f\xbf\x7d\xfe\xf6\xe1\xd3\xeb\xcf\xff\x79\x60\x5f\xdf\xfd"
	"\x53\x1b\x5e\x7d\x78\xfd\xa1\x0f\x21\xf6\xbf\x5f\x3f\x3f\x1c\x5e"
	"\x7e\x7f\x78\x35\x1d\xb7\x68\x23\x5a\x55\x23\xd3\x04\x3e\xc8\xa2"
	"\x19\x8b\x48\x9f\x58\x60\x3e\x04\x1a\x70\xe6\xd7\x1d\x17\xb8\x5c"
	"\xa9\x88\x39\x69\x86\x2a\x22\xa4\x57\x3b\x3f\x4c\x5b\x13\x66\x8a"
	"\xd8\x7a\x3d\xe2\x5a\x9f\x78\x7d\xad\xc5\x9c\xa7\x09\x20\x91\xdf"
	"\xb9\x3e\xb8\x5e\x16\x7b\x63\x9b\xef\x0f\xd8\xfb\xa2\xa8\x3b\x6f"
	"\x1b\xa0\x77\x6d\xf3\x54\x56\xe7\x2a\xc2\xab\xbe\xd7\x93\x7d\xe8"
	"\x02\x6c\xb0\x0e\x79\x9a\x19\x0d\x1d\x8b\xd8\xf7\x7d\xbc\x75\xd2"
	"\x49\x39\x87\xa1\xa7\xc6\xf8\x36\x69\xa7\xcd\x36\x11\xaa\x71\xa9"
	"\x23\x49\xed\xd5\x94\xa9\x67\xf7\x34\xf7\xe3\x9b\xbc\x2a\xbb\x70"
	"\x4c\xf3\x4d\xdf\xf1\xc2\x17\x14\xfa\x90\x30\x5c\x25\x2c\x4e\x82"
	"\x3b\x5b\xb5\x97\x5f\x6a\x2b\x67\xda\xd0\x8d\x21\xe6\xb3\x24\x44"
	"\x5c\x93\x26\x90\xcd\x1a\x48\xea\x80\x70\xf0\xc0\x5c\x81\x89\x56"
	"\x60\xe2\x15\x98\xad\x1b\x13\x3a\xcb\xb3\x0d\x36\x9e\x03\x23\x55"
	"\x0b\xba\x31\x9b\x55\x18\xdf\x8d\x89\x03\x37\x26\x59\xf1\xae\xc4"
	"\xd1\xce\x82\x26\xb1\xab\xbf\x44\x9d\x23\xfc\x1d\x23\x44\xb6\xb5"
	"\x3d\x93\x4c\xc4\x81\xe7\x40\xf8\xae\x92\xb0\xe8\x11\x6c\x28\xad"
	"\x98\x7d\xe2\xa7\x5e\xb4\x77\x62\xd2\x60\x7f\x70\x80\xa2\x30\x89"
	"\x84\x15\x73\x28\x22\x3f\x45\x2d\x1c\x47\x4c\xe0\xb9\x30\x49\xec"
	"\x11\x17\xc2\x3e\x22\xba\x93\x15\xc4\xe3\x72\x00\x1d\xd9\x31\xf6"
	"\x43\x7b\x3f\x30\x38\x34\xb9\x60\x01\xc1\x46\x94\x4c\x13\x2b\xe0"
	"\x0d\xdd\xd8\x0b\xac\x14\xef\xc6\x0f\x1c\x83\x42\xaf\x6d\x58\x64"
	"\x85\x01\xa3\x55\x83\xc8\x8d\xd9\x7a\x2e\x8c\xd2\x9f\x7c\x27\x26"
	"\xf0\x23\x37\x26\x08\xdc\x98\xcd\x8a\x7c\x62\x6f\x05\xc6\x5e\x66"
	"\xed\xe8\xea\xbb\x31\xb1\x17\x47\x6e\x90\xbf\x75\x63\xe2\xd4\x89"
	"\xd9\x26\x2e\x48\xe8\x27\x8e\x46\x54\xa0\xd8\x35\x65\x68\x4c\xb8"
	"\x75\x63\x36\x2b\xde\x15\x79\x6e\xcc\xaa\x8a\x39\x46\x22\xa7\x75"
	"\xe8\x5a\x45\x25\xc5\x9c\x12\x6f\xf3\x3f\x45\x2d\x8c\xfb\xd1\xc3"
	"\x11\x43\xad\x1b\xc0\xb1\xc6\x28\x80\x33\x87\xc8\x05\x48\x5c\x80"
	"\xd4\x01\x48\x5d\x85\x4c\x5d\x85\x4c\x5d\x85\x4c\x5d\x85\x74\x4d"
	"\x2e\x4a\xc7\x70\x01\x5c\x85\xdc\x46\x41\xb8\x71\x63\x36\xfe\x0a"
	"\x8c\xbd\xbe\x35\x4d\x93\xd0\x31\xf5\x00\x66\x13\xd8\x9b\xa5\x94"
	"\x60\x9c\x94\x37\x9c\x09\x89\x10\xed\x8c\x50\x2a\xd5\xbc\x11\x3a"
	"\x31\x89\x63\x3c\x29\x4c\x92\x7a\x81\x13\xb3\xf5\xec\x4d\x59\xd6"
	"\x9a\x6b\xdb\xd1\x04\xfb\x34\xda\x22\x27\x9a\x1c\x33\xd8\x19\x9f"
	"\xbe\x70\xe7\x82\x2d\x8e\xd2\xb1\xda\x28\x84\x63\xa6\x50\x88\xf0"
	"\x8f\x0b\x41\x1d\x79\x58\xcc\x1b\x47\x05\x8e\xe7\x7e\x12\xda\x07"
	"\x44\xce\xe9\xf2\xd0\xd8\x84\x09\x7c\x37\x26\xbe\x04\x9e\xa3\xd0"
	"\x5c\xd0\x4d\xc2\xd7\x81\x1c\x9f\x67\x07\xdb\x85\x8e\xe9\x5d\x48"
	"\x29\x92\xc8\xf5\x46\x1e\xc7\xae\xed\x0f\xf5\x83\x34\x4b\x9d\xbb"
	"\x2d\xe1\x7b\xbe\x2b\x2b\x91\xa4\x41\xea\xc6\x24\x8e\x5d\x80\x6a"
	"\xf1\xd4\xa5\x9f\x97\x24\xf0\xb6\x4e\x88\xe3\xab\x52\x90\x30\x70"
	"\xae\x7e\x89\xfd\xf3\x95\x47\x4e\x1d\xcb\xb5\xe4\xb5\xef\x98\x28"
	"\x34\x24\x74\x43\x52\x17\x64\xe3\x18\xaa\x00\x71\x54\xf9\xcc\x48"
	"\x9c\xc6\xf6\x5d\xc2\x59\xfa\x81\x43\xd3\x3b\xcb\x34\x70\x6c\x88"
	"\x2f\x69\x98\x24\xe1\xc1\x89\x49\xfd\xcc\x89\xd9\xae\xc1\x04\x2b"
	"\x30\xa1\x1b\x12\xb9\x20\x45\x92\x46\x52\xac\x40\xc5\xa5\xb3\xf6"
	"\x71\x90\x1c\xf7\x2b\x40\xf9\xd1\x14\xc8\x52\x2f\x8a\x64\x62\x8d"
	"\xd4\x27\x40\x08\x62\xc9\x80\xd9\x4c\xdc\xcb\x72\x9e\x37\x87\xbc"
	"\x04\x7f\xcd\xfe\x02\xa6\x8b\x19\x7f\xe5\xe2\x7f\xbd\x25\x78\x38"
	"\x46\x5a\x24\x57\xfb\xfb\x34\x88\xac\x0e\x7e\x28\x10\x19\xa3\x36"
	"\xbc\x77\x08\x7c\x7e\xa8\xce\xc0\x90\x5f\x5f\x2f\x4c\xe4\xf3\x68"
	"\xa8\xf7\xc0\x3d\x61\x8d\x5a\x58\x30\xa3\x4b\xd3\x23\xe0\x16\xdb"
	"\x71\xe4\xad\x7e\xa4\xbf\x37\x04\x56\x64\x82\x69\x18\xc3\x73\x78"
	"\xa9\x0c\x40\x6b\x3d\x01\x00\x16\xa9\xd7\xa5\x59\xaa\x01\x77\xab"
	"\xd4\x7d\xc3\x82\xbc\xa8\x2e\x9d\x25\x88\xc0\xde\x64\xa9\xe3\x70"
	"\xba\x5d\x9f\x26\x23\xea\x76\xe8\x0d\x16\x75\x83\xc0\x14\xae\x3e"
	"\x3f\xef\x9b\xfc\xc9\xf4\xe8\x6d\xc8\xd9\x28\xa0\x9f\xaa\x86\x3d"
	"\x99\x5e\xa0\xcf\x20\x09\xad\xd9\x03\x2b\x65\xb8\xf1\x5a\x30\xcf"
	"\xfb\xf1\xc5\xe4\x9f\x7b\x33\x33\x82\x60\xc0\x10\x27\xbb\xe1\xf3"
	"\x08\xad\xb7\xcb\x3c\xc3\x9b\xee\x4a\xac\xcf\x75\x35\x98\x5b\x7a"
	"\x46\xc2\x47\x3a\x18\xc7\x8c\xa7\xff\xf7\x85\x9c\xc7\x36\xd3\x4f"
	"\x99\xce\x92\x25\xeb\x5f\x79\xeb\x63\x48\x03\x5e\xef\x13\x7c\xd4"
	"\x7a\x46\x98\xcb\x34\x09\xb6\x21\x7d\x47\x0b\x6d\x4e\x15\xdd\x27"
	"\x03\x3b\x41\xe7\x97\x77\x9f\x15\xad\x2a\xf0\x81\xbd\x8b\x1f\x04"
	"\xf2\xa1\xd2\xdd\x30\xbb\x66\xf4\x2c\xe6\x00\x52\xd5\xe0\xb3\x74"
	"\x9f\xc9\x24\xec\xc6\xc0\x3b\x31\xc7\xa0\x3e\x72\xba\x1a\xaa\xe3"
	"\x6a\xf5\x6e\xf0\xe4\x94\x05\xd2\x6e\x30\x76\x19\x84\x36\x93\xb9"
	"\xb5\x12\x05\x3f\x6a\xec\x39\xcb\xec\xb8\xae\x92\x0c\xda\x56\xe5"
	"\x98\x89\x7a\x2e\xa7\xed\x95\xd5\x39\x79\xb4\x54\x76\xda\x66\x4f"
	"\xfb\xba\xa9\xcc\x87\x77\x17\x22\xe9\x31\xab\x8c\xb7\x1b\xc0\xec"
	"\x58\x09\xc1\x76\x0b\x1f\x62\x61\x8a\x34\xbd\xa3\x9c\x18\xe1\x20"
	"\xb8\xb7\x7e\x01\x57\xbc\x7f\xff\xfe\xfa\x0e\x2c\x5d\xef\x03\x15"
	"\x0d\x7d\xb0\xcf\xee\x68\xe1\x21\x8d\x50\x99\x6e\x37\x91\x59\x8d"
	"\xd0\x00\x11\x26\x88\x0a\x31\x88\x91\x63\x99\xce\xdc\x19\xec\x8e"
	"\x90\x43\x3d\xfd\x3c\x91\x41\x9a\x78\x96\x00\xa5\x00\xd2\x94\x3b"
	"\xfb\x22\x6f\x29\xd2\xf6\x37\xd4\xb1\xa0\x08\x31\x24\x60\x54\x0b"
	"\x46\x5b\x0f\x51\x38\x35\x20\xdb\x46\x89\xcf\x2f\x67\xfc\x35\x6d"
	"\x1d\x78\x38\x29\x98\x6e\xe8\x06\xbc\x54\x70\x39\x07\xdf\x4d\x82"
	"\x37\x5a\x46\xb6\x5e\x88\x97\x11\xc4\x51\x80\xba\x20\x4c\x20\xb6"
	"\x42\x6a\x48\x64\x15\x23\x47\xcc\xa3\x38\xb4\x89\x31\xee\x23\x2d"
	"\x2e\x4a\x3c\x6b\xb5\x25\x84\xd0\x97\xd6\xfa\x0d\x18\x5b\x05\x8f"
	"\x2c\x56\x3a\x34\x6e\x8b\xaa\x36\xb9\xd7\x9a\x08\x46\x43\x54\xac"
	"\xb2\xff\x2f\x6b\x57\xd6\xdc\x38\x8e\xa4\xff\x8a\x9e\x36\xba\x63"
	"\x67\xa2\x78\x88\x87\x66\xa3\x1f\x20\x02\x92\x50\xe2\x65\x82\x94"
	"\x28\xbf\x28\xd4\xb6\xaa\x5a\x11\x2e\xcb\x61\xbb\x66\xbb\xfe\xfd"
	"\x22\x41\x1d\x24\xc5\x04\xb4\xb1\xfb\x50\x65\x1b\xf9\xe1\x4e\x24"
	"\x12\x60\x22\xb3\xf7\xe2\xf2\xea\x29\x23\x97\x64\xe4\xf9\x20\xd0"
	"\xb0\xa7\x85\xd0\xb2\xaf\x24\x7d\xdc\x46\x49\x86\x05\x0f\x06\xcc"
	"\x52\xee\x7e\x48\xd5\x40\x0e\xc3\x3c\x09\x2d\xcb\x40\xf7\xf4\x74"
	"\xdf\xaa\x35\x3c\x5a\xdb\x63\x0f\xb9\x8b\x3b\x01\x82\xc0\xd7\x2c"
	"\xed\x06\x10\xfa\x06\xc0\xc4\xd5\x03\xc2\xb1\x16\x10\x4e\xac\x40"
	"\x4f\x77\x3c\x3d\x7d\x62\xc8\x3f\x09\x71\x7a\xe9\xbb\xba\xec\x2c"
	"\x9d\x39\xf6\x34\x19\xe6\x3f\xf6\xa8\x5e\x18\xe7\xb8\x18\xd1\x52"
	"\x57\x72\xdb\x2a\xd4\x93\x6e\x14\x52\xb0\xb2\x42\x89\x79\x34\xf3"
	"\xe4\x12\x1e\x8a\x6e\x0e\x64\xf5\x74\xaf\x67\xe8\x0d\xe9\x4a\xf1"
	"\x29\xf2\x04\xc9\x36\x68\x20\xae\xda\x72\x6b\xfd\xd8\xa5\xe3\xc6"
	"\x1a\x8a\x1c\x79\xa5\x17\x6a\xe8\xcb\xd0\xc2\xe7\xa9\x48\xbd\xd2"
	"\xb7\x71\xba\x60\x91\x7e\x07\x12\x7c\x1c\xf8\xb5\x01\x93\x78\x16"
	"\xbe\x51\x8a\xe5\x26\x94\x0b\xca\xd1\x64\x47\x9e\xda\x90\x69\xed"
	"\x59\x86\x1d\x52\x94\x49\xce\xb0\x29\xb9\x31\xe1\x83\xd4\x38\x77"
	"\x27\x9a\x95\x05\xc6\x51\x21\x3e\x60\x4a\x01\xd3\xf0\x16\x89\x13"
	"\x24\x7c\x10\xb8\x45\xb4\x2d\xc4\x2c\xa9\xf1\x99\x88\x79\x2b\xd6"
	"\x39\x54\x54\x8d\x52\x00\x8d\xc0\x69\x00\x13\x4b\x0f\x70\xec\x40"
	"\xdb\x6f\x39\x32\x9a\xcd\xf9\x84\xf0\x7c\xcf\x54\x4b\xa8\x07\x84"
	"\xbe\xa1\xa7\x13\xdb\x32\x01\xf4\x1a\xc0\x05\xa4\xdb\x69\x25\x48"
	"\xee\x33\xc8\x0d\x51\xb9\x8e\xc7\x96\xab\xe1\x4d\x09\x80\xf8\xcd"
	"\x7a\xe6\x5d\xc7\xb6\x13\xb8\x7a\x4c\x9c\xb8\x9e\x46\x3c\x94\x91"
	"\xeb\x85\x13\x7c\xc0\x56\x75\xa8\xd1\x75\x48\xc1\x1f\xb3\x94\x68"
	"\x07\xeb\x8c\xd1\x8d\xd5\x3a\x09\xc7\x9a\x3d\x59\x92\x5d\x5b\xaf"
	"\xb3\x9c\x20\x86\x4a\x5c\xcf\x32\x95\x82\xbd\x2d\x52\xd2\x50\x79"
	"\x08\xa5\x81\x1d\x0e\xba\xd5\xbc\x9c\xed\x86\x0f\x7c\xd8\xb3\xe1"
	"\x2b\xa2\x89\xaa\xb9\xca\xe2\x92\xcc\x91\x53\xe3\xf9\x24\x0c\x7e"
	"\x95\x2a\xec\x21\xe2\x15\x0e\x97\x26\xea\xce\x64\x30\xc3\x0d\x5c"
	"\x1e\xd1\xea\xcd\x05\x3a\xdc\x02\xa9\x00\xcd\xb1\x25\x76\x45\xc1"
	"\xf1\x28\x44\x96\x72\x0b\x45\x3d\x17\xd1\x12\x5a\xa0\x54\xfe\xc8"
	"\x0d\x20\xa9\x37\x3b\xc8\xb2\xee\x81\x6c\x03\x68\x46\x52\xcf\xf5"
	"\x3c\x53\xd3\x51\x0b\xd7\x2b\x84\x8b\x78\xe2\x5a\x9e\x19\xe5\x3b"
	"\x81\x4d\x0c\x30\xd8\x76\x02\xfb\x1e\x90\x63\x04\x85\x81\x53\xdf"
	"\x01\x32\x8e\x41\xdc\x48\x8f\x3b\x50\x7e\xe0\x1b\x50\xa0\x36\x7b"
	"\xe1\x1d\xa8\xd0\x1f\x4f\xee\x41\xf9\xd6\x1d\xa8\x89\xe7\xdc\x83"
	"\x42\xbe\xcd\xb7\x50\x52\x9f\x35\x72\x56\x3e\xab\x1e\x19\xe6\x5f"
	"\xae\x05\x5b\x85\xa1\xe5\xdf\x85\x0a\xef\x42\x4d\x8c\xa8\x75\xa2"
	"\x15\x0b\x67\xd5\x75\x71\xbd\x01\xea\x11\xbb\xaf\xba\x5b\x44\x75"
	"\x89\x98\x64\x31\xa3\xc3\xd2\xa4\x31\xbc\x25\x53\x3e\x9d\xea\x9b"
	"\xa0\x70\x11\x9d\x6a\x8a\x81\x5a\xa6\x86\xae\x0a\xa9\x4c\x5a\xbe"
	"\x69\xb1\xc9\xbd\xdb\xb3\x7d\xd7\x31\xc3\x7c\xc7\x35\x4e\x55\xa3"
	"\x3d\x39\xee\x5d\xb0\xa0\xbe\x07\x66\xdf\xd5\x36\xcf\x19\x9b\x4a"
	"\x5b\xa1\x0f\xaf\x5b\xcc\xcd\x12\x29\xcf\x23\x03\x2a\xca\x0b\x33"
	"\xc2\x35\x43\xc6\xe0\xff\x5f\x6c\x63\x9a\x99\xb1\x8b\xed\x72\x2a"
	"\x84\x96\x71\x0a\x36\x9b\xb3\x74\x98\x6b\x94\x97\xc2\x59\xdd\xaf"
	"\xeb\xb6\x8c\x86\xf5\x87\xd8\x29\xd7\xaf\x1c\x70\x79\x32\xb4\x2e"
	"\xd4\x1d\x44\xd8\xa2\x44\x3d\xa7\x90\x32\x21\x21\xad\x1b\xd7\x98"
	"\x17\x9d\x93\xe1\x34\x9f\xa9\x34\xf5\x2e\x68\xc8\x4e\xbe\x88\xce"
	"\xae\x9d\xbb\xa1\x0f\x8b\x6d\xca\x22\xbd\xd7\xe7\x02\x0e\x8d\x66"
	"\x88\x6f\x82\x7c\x5d\x19\x2b\x12\x59\xba\x31\x62\x48\xba\xc9\x8c"
	"\xa0\x05\x29\x72\x13\x28\x91\x7a\xd0\x72\x4a\x4d\xb0\x3a\x31\x96"
	"\xc4\x1b\x4b\xf2\x1b\x4c\x7b\xf0\xe1\x36\xbc\x33\xf6\x32\xf5\xea"
	"\x4b\x1b\x2b\x79\xc1\x6b\x6f\x41\x1d\x5d\xc5\xda\x46\x61\x7e\x7d"
	"\x9b\xee\xf7\x1c\xfc\x74\x26\x94\xd1\x82\x94\x43\xb7\x1a\x30\xbc"
	"\x5d\x2f\x38\x90\x52\x16\x8c\x24\x8f\x58\x68\x4c\xd9\x9a\x79\x56"
	"\xe4\x71\x35\xd7\x54\xc9\xe7\x15\x49\x09\x46\x2d\x4b\x99\x15\x89"
	"\x36\x21\x87\xf2\xec\xa6\x04\xcb\xde\x78\xce\xe3\x85\x96\x5e\xd6"
	"\x18\x19\x8c\x8a\x70\xaa\x26\xec\x0d\x50\xf9\x10\x53\xa8\xc8\xbe"
	"\xea\x49\x5e\x56\x94\x1d\x7f\x80\x3f\xf6\xcf\x87\xdd\xe8\xe9\xf8"
	"\x3e\x10\xea\xb4\xc9\x15\x91\x04\x1c\x93\x5e\x33\x5f\xcf\x25\x8a"
	"\xde\x84\xcb\xdb\x96\xab\x33\x04\xad\x1f\x3c\x80\x96\xf0\xe1\x6e"
	"\x85\x97\x56\x10\x78\x92\x3b\x50\x52\x0f\x27\x68\x71\x07\x2a\x92"
	"\xf2\xc6\xd4\xaa\xab\xa3\xc7\xdb\xd6\x5c\x69\x5b\xba\x1a\xd2\x12"
	"\x56\x9c\x32\x10\x10\x2d\xaf\x8b\x4d\xd2\x6a\x1c\xcb\x33\x7a\x35"
	"\x05\x87\xa5\xa4\x1d\xa6\xeb\x4a\xee\xa7\x11\xba\x6a\x0e\x6a\x7d"
	"\x42\x73\x36\x4b\x78\xaa\xa2\x30\xa7\x73\xd6\xfa\xf4\xa7\xea\x91"
	"\xbb\xa4\x03\x3b\x65\xa7\x1d\xb2\xc1\x37\x5f\x8f\x20\x2d\xe9\x85"
	"\x8b\x6d\x91\xd2\x76\x9c\x35\x85\x25\xb5\x6c\x16\xc9\x21\xba\xf5"
	"\x1f\xb6\xdf\x2d\x08\x82\x44\xc1\x97\x0f\xd5\xb0\xe1\x8b\x23\x05"
	"\x53\xce\x12\x05\x8b\xe0\x13\xb4\x5c\x3a\xb0\xc1\x22\xe1\x15\x01"
	"\x5e\xc5\x0c\x71\x94\x93\x28\x56\x1d\xf8\xae\xdb\xcc\x15\x3c\x69"
	"\x32\x73\x04\xbc\x0d\xc7\x39\x42\x8e\xe6\xc5\x5d\xc1\x50\x98\xfa"
	"\x66\x3e\x22\x32\x93\x87\xda\x08\xf9\x44\x71\xc6\xe0\xfe\xac\x1a"
	"\x04\xe6\x10\xb3\xa1\x2a\xd5\x56\x2e\x3d\x81\x98\xba\x64\xd1\x69"
	"\x61\x6a\xca\xd0\x7a\x70\x92\xf3\x51\x10\x5d\x19\xca\xa3\x1a\xa7"
	"\xd1\xd6\xad\x15\x97\xa1\x20\x7d\x19\x53\x53\x1d\xd1\x2a\xbf\x29"
	"\xbf\x45\x4e\xf3\xaa\xb3\x2e\x41\x6f\x8a\xb3\x29\x7c\x91\xdf\x20"
	"\x9d\x53\x9c\x9b\x3f\xfc\xaf\x5e\x08\xd2\xfd\x8f\x9f\x7f\x9f\xbf"
	"\xc4\x3e\x1d\x5f\xbf\x1d\xbe\xb7\x59\xac\x14\x39\xe2\xbd\x8b\x32"
	"\x15\x00\x61\xd8\xa8\xa3\x25\x0b\xd4\xaf\xd3\x6a\xe6\xdc\x2c\x4a"
	"\x60\xba\xcb\x0a\x6e\x78\x6e\x78\x52\x25\x4e\x3d\x77\xd6\x81\xa0"
	"\xef\x7d\x0e\xfe\x7f\x18\x88\xff\x4b\xb6\x93\x57\xe0\xfd\xf3\x28"
	"\x49\xa2\x2f\x02\x3e\xa0\x9d\x3c\x14\x76\xdf\xb9\x25\x62\x0b\x44"
	"\x88\xa0\x30\xbc\xf1\xaa\xad\x81\x17\x1c\x79\x18\xbd\xc9\x0b\x26"
	"\x85\xcb\x8c\x17\xc9\x7a\xd8\x38\xe8\x66\x0e\x6e\xd2\x4f\x72\xb9"
	"\x25\x6f\x76\xaf\x4f\x87\x97\x97\xdd\xfb\xaf\xab\xfb\xcd\xcf\x9f"
	"\xaf\xf2\xe7\x3f\x64\xc9\xaf\x1f\x47\xf8\xe5\xe0\x3c\xc9\xbf\xde"
	"\x0e\xff\x18\x7d\x7b\x3f\xbe\x7e\xee\x5f\x9f\x3f\x7e\xef\x6f\xa3"
	"\xb0\x17\x14\x2b\xe5\xeb\x55\xb0\x58\xae\xbe\x96\x23\xe3\x66\x1f"
	"\x2d\x4b\x12\x2d\xfa\xb2\x1f\x54\x15\xe5\x13\xb8\x31\xc7\xf9\xf9"
	"\x7c\x38\xca\x51\x7e\x3a\x3e\xab\x16\xbc\xbd\x1f\x9f\xf6\x1f\xd0"
	"\x08\xf5\xb4\xf5\xc7\xe1\xef\x96\x23\x8d\x82\x8a\x0b\xf4\x9c\xb6"
	"\x3a\x3c\xef\x8f\x48\x2a\x94\xb0\xeb\x54\xd0\xa5\xef\x5f\xbb\xa9"
	"\xd1\xee\xc7\xfe\x7d\x77\x1a\x85\x96\x0f\x6a\x45\x9c\xbd\xec\x3e"
	"\xfe\xea\x27\x36\xe5\x1c\x7e\xc8\x66\xff\x7b\xff\x63\xff\xfa\x39"
	"\x02\x6f\xa5\x17\xb2\xea\xdd\x97\x06\x24\xf9\xec\xed\x5d\x76\x0d"
	"\xec\x23\x3a\x20\xb9\xf1\x8f\xd4\x04\x74\x93\x93\xc3\xc7\xd3\x5e"
	"\xce\xd3\xeb\xfe\x08\x7e\x70\xf7\x2f\x6f\x7d\x84\x68\x66\x6b\xf4"
	"\xf3\x43\x72\xa2\x2c\xf5\xe3\xf8\xb4\x7d\x6a\xba\xd0\xcc\xec\xa5"
	"\x28\x35\xef\x70\x9d\x4b\x06\xd8\x34\xaa\xa9\x13\x86\x56\xe3\x94"
	"\xb0\x58\xa1\x6a\x45\x59\xa5\x6d\x1b\x9f\x56\x22\x78\x02\xcd\x63"
	"\x36\x4c\x2b\x29\x09\x9d\x89\xa5\x21\x06\x35\x4a\xb4\x25\xd5\x46"
	"\xa9\x93\x30\x0c\x86\x89\x49\xe9\x58\x35\x52\x6c\x1d\x39\x96\x13"
	"\x62\x34\x08\xaa\x87\xd1\xc6\x28\x2d\x89\xc6\x63\x11\x5a\x6e\x47"
	"\x13\xfd\xf8\x94\x0c\xb8\x7b\x7f\x1e\xfd\xf6\xb1\xfb\x94\x53\x79"
	"\xf8\xdc\xff\x7e\x5d\x4f\x97\xc9\xe9\x42\x9f\x94\x8b\xb9\xff\x1c"
	"\xc9\x59\x92\xdc\xf2\x09\x61\x1e\x06\x32\x49\xa1\xf8\x4f\xa1\x2f"
	"\x17\x20\xa5\x5c\xda\xc6\x72\xa2\x53\xa5\x03\x64\x02\xc1\xfb\x7e"
	"\x4b\xa5\xac\xfb\x6b\x44\x24\x63\x1d\x9e\x76\xaf\x5f\x96\x52\xb5"
	"\xde\xbd\x4a\x91\x79\x29\xf8\x4b\xa4\x1a\x4d\xcb\xd5\x40\x19\x5c"
	"\xd0\x3b\x1a\xa2\x50\xdd\x1e\xfd\xc7\x9d\x59\xe9\xe1\xfb\xe1\x73"
	"\xf7\xd2\x1e\x31\xb9\x1a\x5e\x7e\x35\x8b\xea\xe3\x4b\x1e\xc7\x97"
	"\x15\xc3\xa2\xb3\x33\xe9\xf3\x4a\x1e\x7d\x93\x4b\x5d\x0d\xe7\x45"
	"\x0a\xc8\x0d\x41\xae\x26\x2e\x6b\x79\xff\xb6\x93\xc2\xff\x37\x96"
	"\x7a\x96\xe3\xd8\xbf\x0f\x3b\xa2\x56\x99\xca\xe3\xf1\xe5\x03\xbc"
	"\xfe\xc9\x62\xf7\x2f\xc7\xb7\xd1\xeb\xfe\xbf\x6f\x9b\x3a\x7f\xdf"
	"\xbd\xfd\x75\x78\xfa\xb8\x3d\x99\xac\xe6\xe4\xe4\xb1\xb1\x9b\xa0"
	"\x14\xd6\x79\x5e\x29\x65\xf5\xbc\x23\x16\x2d\x8b\x3e\xf9\x07\x44"
	"\x6d\x94\x4b\x57\x74\x4e\x95\x90\x4e\x73\x29\x9d\xeb\xb3\x1b\xf5"
	"\xe1\xdd\x15\x60\xea\x11\x37\xe2\x38\xf3\x0a\x90\x42\x7e\xd6\xf7"
	"\x62\xd9\x02\x2d\xe5\x6e\xd7\xb8\xff\xee\x37\x63\xa6\xce\x0c\x7a"
	"\xa3\x4d\xc0\x81\x37\xf9\xad\x5c\x54\x74\x70\xc7\xeb\xf7\x2c\xea"
	"\x9a\x36\x5d\x5c\x50\x9d\x84\xfa\x48\x4e\x6b\x4f\x68\x76\x4a\x68"
	"\xfc\xcb\x07\x16\xe2\xa0\xfd\x0c\x11\x3c\xc6\x7c\x1e\x9d\x21\x69"
	"\x9d\x2b\x61\x34\x09\xeb\xfb\x70\x88\x49\x12\xe0\x16\x34\x8e\x28"
	"\x4a\x4d\x48\x2c\xe7\x99\x0b\xa9\x0e\x6d\x50\x90\x54\x2a\x98\x66"
	"\x90\x49\x42\x25\x3b\x0d\x99\xc5\x8e\x7e\x6b\x36\xe3\xe8\x98\x9f"
	"\x37\xe1\xdf\xc1\x9b\xae\x54\x7c\x7e\xbe\xef\xc0\xae\xef\x22\x16"
	"\x12\x3a\x8a\x0f\x7f\xbe\x83\x0e\xf1\x7e\xfc\xf9\x79\x78\xdd\xdf"
	"\x8c\x6f\x9a\x55\x2b\x46\x2a\xb4\x1d\xab\x39\xc3\x19\x6e\xb5\x44"
	"\x5c\x4b\x00\xb1\xa2\x31\xde\x3b\xc4\xc9\xaa\x1a\xbd\x39\x99\x3b"
	"\x16\x3e\xf6\x11\x2f\x8a\x4a\x6c\x1f\x58\x82\xb7\xba\x88\x88\x3c"
	"\x38\xaf\xe5\x3c\x21\x81\x85\x2e\xa0\x78\x45\xf1\x2e\x3c\xd4\x78"
	"\x17\xa6\x59\xb4\xc0\x73\x0e\x87\xa6\x01\x4a\x4e\x52\x16\x9f\xf7"
	"\x1f\x7a\xf8\x78\x7b\xd9\xfd\x1a\xe5\x52\x7d\x78\xb9\x99\x1b\x05"
	"\x55\x81\x7c\x40\x99\x96\x8b\x32\xc6\x57\x5a\x83\xd5\xf6\xa6\x81"
	"\x34\x3a\x80\x01\xc4\xc1\xa9\xc8\x52\xfe\x98\xb8\x88\xbd\xe6\x00"
	"\x96\xcb\x7d\xde\x8e\x4c\xe8\x34\xcd\x62\x88\x61\x60\x05\x93\xc7"
	"\x88\x18\xd0\x5f\x29\xdf\xc6\xa5\x15\x58\x09\xb3\xd0\x30\xba\xad"
	"\xbe\xc9\x63\x6b\x95\x42\xfc\xa7\x09\xe6\x3c\xa8\x35\x56\x12\x37"
	"\x1f\x7b\xc8\x67\xae\x2b\x2e\x93\x7a\x3f\x38\xdc\x59\x6c\xb3\x12"
	"\x6e\xb0\x27\xa6\x46\xcb\xff\x89\xc8\x52\x1e\x6d\x57\xab\xda\xb6"
	"\x66\x96\x3b\x4e\x8d\x4d\x2f\x88\xc8\xa7\xac\x28\x36\xe0\x66\xf8"
	"\x1a\xaa\xd2\x98\x6b\x43\x79\x25\x59\x39\xf1\x43\xe7\xee\xe1\x11"
	"\x3e\x73\x17\xc4\xb9\x1f\xed\xbb\x5f\xad\xda\x72\xef\xcf\x10\x12"
	"\x62\x6c\x0c\xe3\xcb\x6c\x3b\x76\xd7\xab\x99\x3d\x37\x61\xd5\x45"
	"\x77\xfc\x60\x5b\x76\x61\x8b\x1a\x31\x9c\xba\xc1\x0b\x6b\xec\x96"
	"\x76\xcc\xcc\x78\x5e\x16\x72\xc2\xea\xad\x28\x83\x20\x9c\xac\x90"
	"\xa5\xdb\x84\x88\xe9\xee\xe9\x4d\x01\x17\x4a\x67\x55\x5f\x55\x93"
	"\xe9\xfb\xe1\xf9\xfb\xad\xf0\x6d\x6e\x30\x65\xbd\x24\xad\x03\xcc"
	"\xb3\xa0\x92\x79\x34\x05\x1f\x17\xb8\x2c\xa3\x55\x32\x55\xba\x08"
	"\x25\xf8\x0a\x04\xe9\xa0\x8d\x96\xa8\x24\x17\xc4\x0c\x5a\xf0\x1c"
	"\x9e\x23\xd2\xbc\x06\xbb\xd9\x39\xdb\x4e\x43\xcf\x5a\xb9\xdb\xd9"
	"\x1a\xcd\x07\xdb\x66\x5e\xa6\xee\xd8\xd7\xcd\x3c\xec\x7a\xdb\x5c"
	"\x84\xbe\x46\xac\xc8\xbd\x5c\xfe\xe3\x21\x66\x2e\xda\x60\xf8\xc4"
	"\x72\x6a\x2d\x1d\x7b\xef\x0c\xf4\x72\xc1\x53\x26\xff\x8f\x7c\x57"
	"\x8e\x8a\x6d\x39\x1a\x68\x26\x16\x7c\x4a\x1a\xab\xa1\xc0\x0f\x70"
	"\xa0\x5c\xb9\xb3\x1c\x73\xe2\xd2\x68\x4e\x69\x09\xcb\x35\x2e\x27"
	"\xbe\x6d\x57\x75\xa4\x55\x44\x08\x5d\x05\x9e\x8d\xf3\x2e\x29\xa2"
	"\x7c\x8e\xef\x81\x0b\x2e\xb8\xfc\x0f\x33\x28\xbd\x40\x96\xbc\xe0"
	"\xa9\xa6\x53\xe9\x86\x16\xb8\x0a\x90\xc7\xb6\xa6\x89\x4d\x00\x2a"
	"\xdd\x4e\x08\xe2\x95\xa5\xa5\xd2\x38\xb7\x0f\x15\x2f\x96\x97\x97"
	"\x35\xb3\x77\x79\x48\x1e\xfd\xf9\xf3\xdb\x37\x88\x11\xd0\x8f\x5b"
	"\x38\x9b\x42\xcc\x2e\x70\xf1\xd1\xd6\x63\x67\x53\xf4\xba\x8f\x4e"
	"\x87\x3c\x04\xc3\xd7\x14\x15\x6c\x02\x3e\xb4\x0f\x7d\x1d\x80\xe4"
	"\x28\x26\x42\x0c\x3c\x5a\xb9\x29\xa3\x0d\x6c\xbb\x72\x3a\xd3\x4f"
	"\xef\x91\x3a\x1f\x35\x2f\xc4\x9e\x45\xc2\x10\xa2\x09\xdc\xbb\x8e"
	"\x19\xd5\x36\xe3\xfa\x2c\x6a\xdd\x33\x42\xb8\x62\x08\xcd\xc3\xd0"
	"\xb7\x0c\x35\x2a\x54\x60\x42\xc5\x89\xeb\xbb\x88\x0f\x9a\x1e\x6a"
	"\x62\x02\xe5\xa1\xe7\xd5\x06\x10\x6a\x87\xd4\x2a\x67\xe5\x39\x56"
	"\x10\xe7\x06\xd8\x94\xfa\xb6\x15\x98\x06\xa1\x88\xea\x28\x4d\x87"
	"\xc2\xad\xd1\x8e\x63\xff\xac\x4a\x5b\x61\xc2\x44\xef\x8f\x26\x72"
	"\x5b\x37\x29\x8f\x92\x9b\x84\x2d\x8b\xe9\x6d\x22\x67\xd1\xc4\x0b"
	"\xbb\xe9\x8b\x35\x65\x79\x37\xa9\x20\xeb\x84\x53\xde\x4d\x84\xa0"
	"\x5d\xea\x8a\x32\x9b\xcd\x4e\x11\x31\x5b\xd4\xaf\x44\xb9\xce\xef"
	"\xa5\x9c\xa3\xca\xf6\x62\x25\x48\x6a\x26\x04\x1c\x12\x87\x5e\x2e"
	"\x9d\xda\x7a\xee\x68\x27\xdb\xa2\xb8\x89\x22\xd0\xa2\x76\xbf\xe9"
	"\x74\x9b\x03\x67\x6b\xa9\xab\x53\xf1\x87\xeb\xb4\xd3\x4f\xab\x75"
	"\x9b\xc5\xb4\xfb\xa9\x4b\xb5\xa3\xc8\xa2\xed\xac\x57\xd2\x0a\x8c"
	"\xe0\x05\x53\xc4\x99\xe8\xb7\xf0\x4a\x85\x68\x7e\xc3\xb7\xee\xd0"
	"\x54\xd4\xb3\xa8\x6a\x14\x7b\xa8\xe0\x03\x0c\xda\xd1\xdb\x8f\x3b"
	"\x2a\xb9\x4a\x92\x0d\x5a\x28\x81\x0f\xbf\x28\x35\x29\x73\xb2\xd2"
	"\x34\xa8\x89\xd0\x69\xfb\x1e\xf6\xa6\x1d\xca\xc8\xab\xde\x33\xf3"
	"\xce\x9c\xf2\x7e\x7b\x09\xb5\x43\xc4\x0a\x4e\x91\x4b\xce\xeb\xdc"
	"\x40\x56\x76\x1c\x09\x0e\xaa\xc2\xd0\xb6\xb4\x64\x47\x4f\x76\x35"
	"\xe4\xb5\x83\xd2\xa6\x65\x88\x58\x24\xa9\xc5\x44\x2c\x1b\xb9\x8d"
	"\x50\xe4\x84\x63\xb1\xa7\xd4\xe2\xa9\x37\x73\x44\xad\x57\xb9\xc5"
	"\xd8\x41\xfc\xbc\x9e\xc8\x7e\xad\x69\x5a\x59\xcf\xf0\xaa\x29\x29"
	"\x62\xa2\x19\xb1\xb9\xf2\xc0\x80\x92\x63\xb2\xd1\x66\x6f\x8a\x1f"
	"\xeb\x8b\x1f\x1b\x8a\xc7\xe9\x49\x86\x58\x4d\x28\x22\xc7\x69\xf2"
	"\xe4\x96\xb9\xf8\x7a\xe5\x29\xe5\x48\xf8\xa4\x2b\x99\x9b\x00\xf4"
	"\xab\xb1\x84\xda\x58\x04\x8e\x60\xa9\xb0\xdd\xc0\x32\xd0\x71\xbe"
	"\x99\x25\x58\x64\x3b\x25\x99\xa9\xc8\xb5\x44\x7c\x8d\x4a\x3d\xc7"
	"\x0e\x34\xb3\x26\x05\x29\x8b\xc3\xda\x32\x02\xf0\x2a\x96\x59\x31"
	"\xb7\x1d\x1b\x5f\xae\x71\x16\xe3\xb3\x1f\xd7\xfe\xd8\x1f\x23\x21"
	"\xd9\x1a\xd6\xa9\xd1\x40\xb2\x92\x9c\x26\x8e\x87\x2f\xf6\x3c\xaa"
	"\x17\x05\x4a\x2d\x78\x5e\x72\xca\x70\x7a\xc2\x5c\x47\x47\x9d\xf8"
	"\x7a\xaa\xe7\x68\xa4\xbe\x8f\xb3\xd3\x8a\x93\xd0\xa9\x8d\x74\x83"
	"\x7c\x56\x66\xf9\x99\xc0\x97\xc6\xaa\x46\x3d\xd9\x49\xea\x26\x99"
	"\xf5\x04\x65\x13\x51\x9e\xfe\x53\xdd\x6f\x76\xbe\xd0\x2a\x3e\x24"
	"\x0d\xb3\x20\x7b\x14\xd0\xa5\x92\xa3\x3c\x1d\xc8\xe3\xdf\x23\xfb"
	"\xc3\x1f\x77\x94\x85\xbe\x82\xd0\x89\x02\x7b\x4a\x90\xbb\x06\xed"
	"\xc5\xac\x3f\x11\x2a\x62\x6b\x56\x90\xf2\x6a\x4b\x38\x79\xd0\x22"
	"\xfc\x19\x2f\x98\x16\xb1\xe0\x33\xcc\x81\x85\xda\x98\x22\xea\x60"
	"\xb7\x60\xe7\x22\xf2\x8c\x9a\xe8\x0b\x3d\xa2\xcc\x52\x86\x1a\xb3"
	"\x9c\x41\x2b\x22\xb5\x8a\x1a\x99\x8b\xcb\x48\x82\x77\x81\xee\x20"
	"\x8b\x2c\xba\x49\xb8\xe8\xa7\xfd\x81\x07\x1a\x49\xe0\xdd\xb9\x4e"
	"\x95\x80\x87\xdc\x12\xa9\xd1\xd7\x2e\x51\x21\xb9\x73\x6b\x93\x20"
	"\x8e\xd1\xe9\xf3\x36\x7c\x62\x9a\xbd\xef\xf7\x1f\x4f\xbb\x97\xfd"
	"\x28\xca\xab\x8f\xde\xb7\xa6\x2b\xf4\xf8\x06\x17\xed\x1f\x03\x59"
	"\xfe\xd5\x67\x5c\xa1\xf4\xd0\x78\x4b\x44\x81\xb7\xf1\x0c\x12\x84"
	"\x9b\x31\xe2\x0e\x4c\x4e\x91\xc0\x88\x6d\x14\x33\x55\xc7\x93\x1a"
	"\x26\x12\xb3\x18\x52\x02\xdc\x01\xcf\xa0\xbe\x63\x5b\xfd\xd1\x1d"
	"\x28\x6d\xae\xa5\x3f\x0c\xc5\x9c\x16\x65\x72\x78\x7a\x3f\xee\x5f"
	"\xf6\x4f\x9f\xef\xc7\x57\xf8\x2a\x27\x93\xa4\xdc\x84\x29\x6f\xac"
	"\x06\x06\xbc\x69\x9f\x8b\xac\xcb\x59\x3e\x27\x68\xcb\x1e\xeb\x6d"
	"\x49\x13\x84\x8b\x55\x93\xe1\x1e\xe6\x22\x3d\x4e\x35\x50\x16\x0d"
	"\xfa\x4b\x3e\x73\x6c\x34\x09\xb6\x0d\x4a\xd7\x5b\x42\x49\x65\x07"
	"\x1a\xa1\x72\x05\xf9\x36\xfa\x82\xeb\x06\x88\xc6\x1a\x6c\x01\x03"
	"\xcb\x72\xf4\xa0\xe5\xd8\xb6\xc6\x26\xc8\xd8\x0b\x4d\x10\xcf\x33"
	"\x96\xe2\xdb\xae\x11\x32\x36\x35\xd7\x73\x43\xdf\x04\xf1\x4c\xcd"
	"\x8d\x23\xcf\x77\xf4\x8d\x99\x52\x27\x34\x62\xca\xad\x88\x32\x2d"
	"\x24\x12\xae\x17\xbb\xce\x1d\x18\xf7\x0e\xcc\xf8\x0e\x8c\x67\xc0"
	"\x8c\x9d\x78\xec\x98\x31\x9e\x99\x13\x1b\xdc\x3d\x65\xf9\x66\x4c"
	"\xe0\x1a\x31\xbe\xb9\x6b\x1a\xcd\xf9\x02\xb9\xaf\x63\x81\x79\x81"
	"\x01\xac\xae\xc3\x7b\x8a\x73\x6d\xd7\xd8\x32\x77\x3c\x31\x40\x3c"
	"\x37\x76\x2d\x8d\x0c\x83\x4b\xaa\x46\x1e\x0d\xed\xaf\x4c\x04\xb6"
	"\x81\x83\x24\x04\xf5\x0b\x7a\x81\x84\xae\xed\x1b\x21\x8e\x79\x58"
	"\x4e\x30\xd3\x28\xcf\xcb\xc4\x37\xc8\x4e\xf8\xd4\x08\x91\x91\x2d"
	"\x57\xdf\xb0\x84\xd4\x93\xd0\x33\x88\x3b\x05\x42\x2e\xff\x3b\x98"
	"\x89\x73\x07\xc8\x35\xf0\x75\x53\x9b\x9e\x37\x4e\x81\x03\xb7\xeb"
	"\x88\x9e\x3e\x24\xdd\x0d\x3f\xd9\xc3\x6b\xf1\x79\x94\xd8\x7e\x68"
	"\x1b\x31\x41\x38\x31\xce\xa9\xc2\x4d\xea\xbb\x71\xa6\xc9\x07\x5c"
	"\xe8\xdf\x57\x1e\xe0\xee\x28\x4f\x72\x6f\x48\xee\x29\xb0\x01\xde"
	"\x51\xa2\x67\x3b\x7f\xdf\x53\xa0\xc2\x99\xca\x2b\x4a\xcf\x37\xac"
	"\x2f\x80\xb8\xfa\xf9\x12\xf3\x32\xf6\x74\x07\x08\x05\x52\x06\x02"
	"\x52\xef\xce\x63\x3e\xe3\xac\x30\x80\x8b\xd9\x49\xd5\x37\x6b\x3c"
	"\x66\xa5\x54\x88\xc4\xc1\x5e\x0f\xb7\x31\xbe\xe5\x18\x87\xec\x8c"
	"\x33\x4d\x81\xc4\x8d\x3d\xc3\xca\x16\x25\xc1\xe2\xd5\xb5\x21\x9e"
	"\x61\x64\x4b\x2e\x15\x7c\xbd\x8e\x5c\x12\xe1\x78\x86\xdd\x53\x62"
	"\x50\xcf\x15\x6d\x4c\x60\xd7\x66\x8c\x63\x99\x30\x52\xfb\xd2\xcb"
	"\xc6\x92\x92\x60\x6c\xeb\xb7\xa9\x72\x46\x26\x61\x60\xc0\xc4\x2b"
	"\xd7\xb1\x08\x8f\x1c\xd7\x38\x6b\x6d\xac\x89\x13\x2e\x58\xd7\xae"
	"\xeb\x3b\x91\x4e\x3d\xbe\xbf\x0d\x0a\x7d\x7f\x2b\x0c\x6d\x10\x2e"
	"\x71\x9c\x80\x19\x40\x8d\x9a\x61\x06\x19\x14\xf0\x75\x12\x7a\xb6"
	"\x65\x84\x18\x54\x5e\x05\x31\x57\x14\x1a\x2b\xc2\xbc\xc7\xb5\x21"
	"\x4e\x68\x84\xb8\xe6\x52\xdc\xc0\x08\x19\x9b\x4b\xf1\xcc\x3d\xf2"
	"\x8c\x43\x17\x04\xe6\x52\x02\xdf\x08\x09\x1d\x13\x24\xb4\xcc\x4c"
	"\x7d\x82\x99\xb8\x19\xbc\x86\x58\xc6\x9e\x4d\x7c\xcb\x0c\x31\x36"
	"\x7b\x12\x8c\xcd\x10\x23\x53\x4c\x42\xfd\xbe\xf2\xa8\xae\x3a\x26"
	"\x7e\xee\x38\x46\xdd\x2c\xf0\xf4\x92\x0c\x5c\x23\x78\x7a\xee\x49"
	"\x49\x15\x7a\x63\xcb\x88\x09\xed\x3b\x30\x26\x01\x9d\x13\x88\xdc"
	"\x42\x34\x1d\x6b\x36\xfd\x08\x73\x10\xd6\xc2\x88\xa8\xd2\xe3\x1a"
	"\x75\x60\x5e\x90\x7c\x71\x3f\x70\xa8\xd4\xe6\x3e\x98\xd3\x5b\x33"
	"\x6c\x99\xd8\x09\x72\xc5\xe9\x35\x7c\x61\x59\xb0\x74\x5e\x0e\xfb"
	"\xd3\x93\xc0\xde\x5b\xe1\x13\xa1\x6a\x4a\x6c\x95\x77\x35\xd5\x68"
	"\xae\xa1\xde\xf6\x4f\x60\xb1\x0e\xcd\x19\xb8\xfb\x81\x1c\x64\x0c"
	"\x56\x82\x58\xbd\xe0\x4d\xa0\x52\x96\x7d\x1a\x44\x51\x0d\x5d\xa9"
	"\x2a\x5a\x9e\x77\xdd\x7b\x5e\x12\x91\xd7\xbe\x8a\x2e\x90\x28\x02"
	"\x8a\x58\xc1\x6d\x39\x4a\x9e\xb2\x78\x89\xd8\x05\x35\xe4\x32\xcb"
	"\xb7\x48\x14\x4f\x00\x44\x0b\xb0\x66\xd4\x90\xb9\xfc\x4b\x43\xcf"
	"\x0a\x41\x34\x5d\x8b\xb2\x6a\x4e\x70\x72\x5e\x64\x94\x2f\xd9\x06"
	"\xef\x7e\xa4\xde\x85\xe0\xe4\xe6\x51\x17\x32\x1b\x92\x8b\xe6\x59"
	"\x5a\x34\x1e\x9e\x2f\x26\x4d\xe7\x34\x39\x2c\xfd\x99\x62\x89\xd0"
	"\x0d\x16\x8b\x49\x8a\x54\x05\x4f\xb6\xba\x21\x5b\x9b\xd4\x0c\x2f"
	"\xec\x51\x76\x1c\xa5\xce\x59\x32\xe5\xc8\xa2\x54\xf4\x19\x62\xed"
	"\x05\xc4\x45\x16\x97\x6c\x89\xe7\xcd\xb2\xb9\x94\x10\x0b\x92\x60"
	"\x5e\x9a\x14\xaa\xf4\x43\x17\x27\xcb\xc6\xeb\x97\xc9\x72\xc3\x50"
	"\x5a\x15\x81\x41\x65\x84\xd2\xd7\x24\xc6\xfc\x2a\xa9\xa6\x6d\x0a"
	"\xfc\xed\x03\x00\x38\x3c\xaf\xc5\xa9\x25\x4e\xfb\x4a\xa6\x05\xce"
	"\x6e\xe5\x9a\xa7\x0b\x92\x6a\x06\x25\x15\x5c\x8a\x35\x4d\xd3\xe2"
	"\x08\x8f\x46\xab\xe8\x8c\x6a\x68\x10\x2b\x11\x27\xcb\x31\xed\xcb"
	"\xb6\x16\x39\x21\x72\xc8\x93\xac\x12\x37\x02\x2a\x21\x9b\x59\x4c"
	"\x04\x3e\x97\xca\x01\xc3\x3c\xc3\x98\x3f\xe1\xe0\x1d\x37\x9b\x95"
	"\x37\x05\x67\xa9\x94\xf6\x6c\x83\xe5\xab\xe2\x92\x2b\x2e\xea\x0a"
	"\xf5\x14\xbe\x20\xa6\x34\xeb\x17\x97\x96\x1c\x6d\x62\x5a\x16\x7c"
	"\x8e\x52\xb3\xa2\xb7\x20\xda\x42\x88\xa4\xe0\x09\x3a\xce\x8a\xd6"
	"\xde\xd2\x4a\x1c\x90\x13\x39\x4b\xe5\x40\xa6\x25\x2e\xd8\x58\x49"
	"\x62\xec\xfd\xb1\x02\x48\xb9\xda\x7b\x9c\xd2\xa6\x4a\x41\xa3\x6c"
	"\x9d\xdb\x21\x02\x4e\x84\x8d\x68\xcc\x30\x5b\x6d\xbd\x26\x0e\xb5"
	"\xb5\xe0\x09\xa9\x35\x53\x2b\x2b\xd2\x2c\x96\x22\x8b\x22\x82\x77"
	"\x54\x4a\x7f\x9d\xa8\x39\x19\x9b\x23\xdd\x04\x17\x2b\x6d\xbb\xbc"
	"\x74\x33\xd0\x7e\x15\x99\x30\xe6\x29\x36\x7d\xa2\x64\xe4\x46\xf0"
	"\xca\x44\x16\x83\x49\x15\xc3\xb7\x16\xd9\xb0\x3c\xd6\xec\xbc\x45"
	"\xf7\x51\x4a\x5b\xfe\x80\xcd\x3f\x11\x9c\x5c\x1b\x7f\x49\x1a\xea"
	"\x41\x42\x8a\xf2\x6b\xb6\xd1\xd6\x56\x72\xcd\xca\x96\xc2\x50\x30"
	"\x8d\x60\x00\x3b\xe9\x79\xa2\x21\x17\x95\x28\x13\x22\x47\x05\x17"
	"\x3c\x15\xe8\x5c\xdb\x5c\xb8\x48\xa7\xd7\xa4\xd9\xe0\xda\x49\x9c"
	"\x83\xbf\x98\x7e\x7f\x6b\x2e\x57\x07\x5a\xcf\x23\x2b\x32\xed\x48"
	"\x3c\x6e\xa8\x54\xb1\x34\x22\xb4\x71\xa9\xbf\x5d\x54\x53\x5c\x6b"
	"\x8a\x73\xbc\x82\x87\x55\x31\x18\xd1\x7e\x50\x87\x6d\xbe\xf7\xdf"
	"\xe8\xb1\x39\x1f\x5a\xbb\x27\x70\x63\x8d\x79\x79\x43\xd7\x2d\xf7"
	"\xea\x8d\xc5\x89\x00\x8c\x14\x93\x2d\x22\x70\x74\x5f\x96\x72\xa7"
	"\x96\xb2\x90\x93\xd6\x82\x6f\xb9\xb2\xe8\x26\xca\x19\xea\x44\x04"
	"\x51\x5f\xf8\x8b\x68\x21\xf7\x7a\xb1\x5d\x44\xb4\x43\xe9\xc2\x1a"
	"\xe3\xc1\x76\xbe\x34\x95\x22\x2e\x62\xdb\x94\xad\x5b\x2e\x83\x06"
	"\x5e\x53\xc3\xd8\x9d\xbe\xb4\x77\xc7\xed\x1c\xc5\x23\x67\x85\xe0"
	"\xa2\xb3\x3b\x28\xb2\xd9\x41\x88\x1a\x89\x72\xae\xa3\x6d\xd7\x0b"
	"\x29\x82\x62\x8e\xbc\x55\x3b\xa3\xa6\xb1\x32\x14\x16\x25\xca\x37"
	"\x80\x94\xbb\xaf\x80\x10\x29\x73\x08\x6a\x2c\x13\x50\x03\x0b\x00"
	"\x63\xfe\x8e\x80\xb6\x56\xd3\x31\x25\xb3\x61\x4e\x3b\x7e\x7c\xc2"
	"\x63\xc0\xf3\xf3\x57\x7a\x7b\x54\x51\xf9\xfd\xa0\xb6\x2c\x98\x38"
	"\x84\x49\x6a\x60\x92\x66\x5e\x3b\x19\x55\x3a\x9d\xce\xa3\x41\x57"
	"\x2e\x17\xc4\xcd\x9c\x37\xa9\x27\xf7\x10\xfd\x42\xd9\xa9\x32\x7c"
	"\x98\xeb\xca\xb1\xad\x45\xae\x05\x41\xa4\x77\xdb\xaf\xb5\x98\x99"
	"\x9c\x30\xb0\x54\xd0\x61\x20\xc8\x22\xb8\x82\xd7\x36\xc8\xd4\xe2"
	"\xca\x04\x10\x71\x68\xeb\xeb\x28\x42\xe2\xfb\xde\x24\xd0\x82\xd4"
	"\xd0\x25\x48\x80\x58\x25\x34\x22\xda\xf8\xee\x48\x7a\x7b\xf1\x85"
	"\x65\x9a\x97\x15\xa3\xe8\x65\xf7\xf1\x31\x74\xb4\x55\x4b\x36\xc2"
	"\x6b\x50\xd6\xd2\x88\xf8\x57\x0c\x4b\xf1\xbc\x65\x72\xfb\x38\x38"
	"\x95\x82\xff\x5f\x23\x35\x46\x65\x56\x40\xfc\xd6\xe7\xfd\x1b\xbc"
	"\xce\x06\xdf\x09\x22\x12\x7c\xf4\xe7\xcf\xcf\xd1\x34\x5e\x82\xec"
	"\xd8\x0a\x3a\xfa\xb1\xfb\x75\xb6\xd3\xd9\xbd\x7c\x1c\x47\x7f\xee"
	"\x47\xaf\xfb\xfd\xf3\xfe\xf9\xbf\x64\xa1\xfb\x4e\x49\x8b\xfd\xcb"
	"\x9b\xb2\xd9\xf9\x01\x7e\xa7\x0e\xaf\xdf\x8e\x5d\xb9\x72\xc2\xf5"
	"\x19\xf4\x94\xac\xb1\xfc\x6e\xa3\xe0\x58\x8d\xa9\x2e\x9d\xd2\x48"
	"\x49\x66\x64\x6a\xc4\xcd\xa4\x06\x80\x85\xb2\x68\xe3\xb8\xa0\xd8"
	"\x1b\xc0\x36\x4c\xfe\x4e\x4a\x23\x4a\x50\x5a\x20\xd1\xd8\xfa\x30"
	"\xc4\x65\x6a\x1b\xf6\xb5\x4a\x72\xb1\xc8\xcc\xd5\x92\x98\x54\x94"
	"\x18\x61\x59\xca\xf0\x33\x62\x1b\xb8\x24\x45\x62\x2e\xee\xec\xc1"
	"\x45\x4e\x48\x64\x9e\x0f\x96\xca\x41\x9c\xfa\x8e\x87\x8f\x75\x45"
	"\xc4\xe0\x5a\xe3\x3f\x76\xdf\x0f\xaf\xdf\x5b\xee\x49\xba\xa2\x87"
	"\x46\xa1\x66\x06\xd5\x69\x48\xc3\x59\x3c\xc7\xdd\x62\xab\xfc\x4a"
	"\x20\xd0\xae\x19\x5a\x7b\xdb\x5c\x47\xee\xcd\x56\x2a\xd3\xe4\xb1"
	"\x5f\xb3\x07\x2a\xc4\x9c\xd0\x39\x2b\x35\xe5\x6e\x29\x78\x70\x2e"
	"\xb2\xf8\xf2\x4a\x32\x7f\xd9\x7d\xca\xa5\xf8\x63\x34\x7f\xf9\xb9"
	"\x3f\x6d\x54\x67\x97\x3d\xbd\xdd\x5e\xb5\x81\xb4\xa3\x8b\x5d\x92"
	"\xb3\xd9\x8d\x57\x93\x0b\xed\xa1\xa3\x57\x5e\x92\xa5\xb8\x1c\xe8"
	"\xa5\x83\x76\x10\x5e\x43\x72\xca\x08\xd2\x3b\xd8\x77\x02\xdf\xea"
	"\x56\x74\x4a\xbc\x51\x8d\xae\x04\x39\xa4\xe7\xe1\xb8\xd9\xc6\x00"
	"\xd0\x8c\xa8\x82\x68\xb7\x3c\xc0\x5e\xc6\x76\x90\xe9\x60\x40\x31"
	"\xc1\x7e\xeb\xd3\xef\x92\xad\xab\x8a\x21\xf9\x59\xc2\x7d\x7c\xe4"
	"\x24\xd5\xf1\x51\x2a\xa1\x55\x89\x18\x16\x36\x4d\x5b\x09\x36\xd7"
	"\x28\x54\xf3\xac\x44\x2f\x3c\x14\x42\xb3\x6f\x9e\x57\x7c\xb4\x09"
	"\x22\x24\x32\x4d\x03\x53\xa1\x9c\xf0\x09\xa0\xea\xda\x03\xd7\x37"
	"\x4a\xca\x6f\x2e\xf7\xba\x83\x00\x57\xb8\x3a\x5f\x11\xca\xd8\x76"
	"\x5a\x89\x2d\xab\x4b\x99\x04\xf7\xd2\x19\x2e\xd1\x62\xbc\xcb\x65"
	"\x41\xa4\xd2\xbd\xe2\xd3\x02\x0d\x76\xa7\xba\x94\xad\x49\x51\x70"
	"\x0d\x02\x71\x2e\xd2\xa8\x23\x42\xf2\xac\xd2\x37\x66\xbc\x2e\xab"
	"\x62\x80\xbd\xe1\x49\x1d\xf2\x8e\x18\x00\x1b\x99\x09\x67\x0a\xf6"
	"\xa8\x86\xb5\xc6\x79\x4e\x2a\xe1\xf0\xd3\xf1\xec\x1a\x17\xe5\x0b"
	"\x21\x4f\x07\xf2\x17\xd7\xb3\x5c\x23\x68\xec\x77\x6d\x83\xda\xc3"
	"\xcd\xd3\x25\xbc\x5c\x01\x3f\x47\xec\xf6\x1c\x12\x2d\x48\x26\xb0"
	"\xcb\x58\xa5\xe3\xb1\xe6\x39\xd8\x36\x9d\x06\xab\xfc\x61\x62\x8d"
	"\x71\x5e\x83\xc0\x62\x4b\x71\x7a\x6a\x8e\xa3\xe0\xe9\xa7\x3c\xd4"
	"\xcd\x07\x80\x97\xa5\x9d\xff\xf5\xeb\xe3\xf0\xb4\x7b\x19\xc5\xbb"
	"\x5f\x1d\x1f\x39\x6d\xb5\x6e\xd1\xba\x41\x49\xb3\xbc\x51\xe3\x23"
	"\xc6\x57\xfd\x5e\x2a\xa7\xa2\x2b\x2c\x60\xf1\x59\x4e\xb9\x88\xb5"
	"\x96\xda\x98\x44\xd2\x3f\x8c\xf5\xa8\x42\xc8\xf6\x6c\x1f\x92\xd6"
	"\x6b\x47\x48\x7e\xb8\x69\x29\xa4\x2e\xc4\x4d\xf2\x65\x68\x58\x52"
	"\x9d\x28\xdd\x0d\x3b\xce\x39\x52\x7d\x23\x88\x6f\x3a\xdd\x88\x67"
	"\xbd\x46\xd8\x06\xc9\x05\x11\x33\xa1\xad\xa3\x59\xe7\x70\x5b\xf2"
	"\xc7\xc4\xb2\x06\xe8\x67\x0d\x24\xad\x92\xed\xb4\xfa\x1f\xd2\xae"
	"\xad\xb9\x71\x1b\x59\xff\x15\xd5\x3e\x25\x55\x27\x1b\x5e\x44\x89"
	"\x7a\xd8\x07\x08\xa4\x24\xc6\xbc\x89\xa0\x64\x39\x2f\x2c\xaf\xcd"
	"\xcc\xa8\x62\x5b\x3e\xb2\xbc\x9b\xd9\x5f\x7f\xd0\x00\x29\x11\x24"
	"\x1a\xf4\xd6\xa9\x54\x65\x2c\xf4\x47\xdc\xd1\xe8\x06\x1a\xdd\xab"
	"\x15\xbc\x23\x74\x3a\xc3\x5a\x9f\x8f\xef\xdf\xeb\x33\x1f\xd8\x9b"
	"\x0a\xd8\xe7\xd8\xad\x0a\xb4\x43\x02\x9f\x89\xe2\x0a\x23\xb9\xd5"
	"\x4c\x70\x95\xe0\x40\x9c\x39\xbe\x88\x93\xbd\x31\x7b\x20\xbb\x06"
	"\xcd\x29\xcd\xe1\x73\xa1\x4d\xe2\x79\x40\x05\x71\x26\xb1\xe4\xdf"
	"\x9b\xaa\x40\x92\xc0\xf3\xdc\x99\x09\xc2\x25\x50\xc7\x99\x3b\x66"
	"\xba\x8f\x0b\x73\xeb\xec\x6e\x87\xb3\xb9\xb5\x63\x95\x63\xd3\xca"
	"\xe0\x65\x53\x30\x9f\x48\x46\x3d\x33\x69\x87\xe2\xd5\xa9\xe1\x18"
	"\x20\x8e\x96\xf0\x36\x23\x63\x51\xd9\x13\xb0\x76\x55\x08\x5b\xa3"
	"\x9a\xb8\xaa\x52\xda\x93\xb8\x8a\x94\x6f\x6e\x7d\x54\x02\xaf\xe4"
	"\x6f\xba\x96\x42\x5b\x0d\xd1\xca\x7b\x66\x99\xa6\x5c\xd7\xca\x24"
	"\x60\x7a\xfd\x34\xaa\x38\xa6\x6d\xd2\xe8\xf0\x5b\x79\x13\xcd\x0a"
	"\x3a\x20\xd0\x41\xd2\x36\x60\x83\x2a\xae\xd9\xa0\x86\x49\x99\xf7"
	"\x93\xf2\x7e\x92\xfc\xb3\xdf\xe2\x36\xb5\xda\x85\xfb\x30\x1d\x6e"
	"\x2a\x2d\xd9\xe0\x8f\x59\xc1\x99\x94\xf7\x2b\x28\x5b\x86\x07\x64"
	"\x12\x5c\x31\x72\x70\xf5\xdf\x87\x5f\x29\x84\x83\xc0\x1d\x25\x0b"
	"\xcb\x71\xec\x96\x8a\xa9\x33\x0e\xfc\x2a\x2c\xe1\x2b\xb2\x5a\x92"
	"\xaf\x54\x33\x4c\xc6\xba\xa2\x37\x83\xf5\xf9\xac\xaa\x98\xb3\x2b"
	"\x36\x96\xd7\x70\xce\x77\x48\x83\x09\xd8\xa5\x75\x66\x2d\x56\x83"
	"\x1d\xa1\xf6\x78\x8b\x25\x4e\xe3\xae\xc3\x00\x77\xc6\xdb\x35\x5c"
	"\xb9\x1d\x62\xef\xec\xbb\x5f\xc0\x9e\x7e\xa5\x1e\x9a\xc3\x27\x3d"
	"\x70\xc8\x1d\x3a\xc4\x21\x9b\xe8\x12\x07\xfc\xa2\x43\x1c\x32\x83"
	"\x0e\x71\xc0\x15\xba\x5d\x83\xf1\x82\x3e\x9f\x28\x1f\x72\xd5\x70"
	"\x5f\x24\x54\x25\x45\x5e\xe5\x4a\xf2\x8e\x22\x8f\xc4\x9a\xaf\x45"
	"\x30\x2f\xd5\x11\xde\x55\x8c\x28\x7f\xbc\xd7\xbf\x50\xe9\xf0\xf2"
	"\xfd\xa5\xfe\xab\x3e\xff\x1a\xd4\x9d\x5f\x13\xf6\xef\xe3\xe5\xe9"
	"\xbb\xee\xe6\x41\xe6\x0e\x6e\xb7\xf3\xc8\x05\xf9\xda\xf2\xd4\x57"
	"\x2e\xfd\x42\xc8\xcb\xa5\x3e\xbf\x3d\x5e\xea\x49\x72\x7a\xae\x75"
	"\x5a\xa6\xcc\x12\x5c\x24\xc6\x65\x82\xdd\x27\x8a\x9d\x26\x03\xe3"
	"\xa4\xfb\xa8\x54\x8f\x85\x6e\xd2\xd1\xe9\xdf\xc2\x8f\xcc\x0b\x14"
	"\xf1\xa3\x27\xec\xf6\x46\x38\x0f\xaa\x3c\x8b\x23\xda\x91\x20\x45"
	"\xb4\x15\x49\xd3\xc8\x8f\x5c\x87\xab\xd0\x7b\xe2\x56\xc0\xac\x50"
	"\x19\xf9\x5e\xe7\xe2\x3d\x49\x3a\x4b\x3f\xbf\x2f\x58\xb8\xe5\xe2"
	"\xab\x26\x71\xe0\xd6\x35\xa1\xd5\x12\xc2\x77\x6b\x92\x5a\x07\x1b"
	"\x37\x4f\x1a\x37\x52\x10\x72\x89\x92\xab\x24\x5c\x2d\x81\x58\x58"
	"\xca\x6b\x11\xe0\x34\x3b\xec\xa1\x34\x64\xd1\xd7\x0a\x15\x62\x94"
	"\x43\xec\x82\xf5\x3a\x4a\xd7\x28\x86\x16\x0f\x79\x99\x0d\x9d\xaf"
	"\x0b\xd7\xcd\xd2\x7b\xf3\x17\x6e\x37\x20\x27\x5c\x28\x07\x2a\x29"
	"\x12\xfe\x4f\xa4\xef\x70\xde\xd0\x4d\xf7\xee\xe2\x9a\xc4\xf5\x62"
	"\xe0\xc5\x21\x63\x99\xea\xbc\xe3\x86\xc8\xcd\x99\x72\x81\xb5\x5c"
	"\x25\xfa\x4f\x33\xce\xcc\x0b\xc2\x90\x73\x02\x15\x57\x2e\xec\x71"
	"\x54\x70\x4f\x13\xb6\xa1\x23\x40\x93\xaf\xf8\x1b\x6a\x05\xff\x6a"
	"\x5f\x18\xdd\x30\xbd\x33\x35\x31\x21\xa2\x55\x02\xc7\xf3\x68\xe6"
	"\x58\xd8\x3a\x98\x0b\xcb\x39\x16\xaf\x90\x53\xf7\x22\x0c\x43\x92"
	"\xe0\xcd\x0b\xee\xf1\x8f\x77\x9c\x2b\xe1\x79\xef\x4c\xbd\xb6\xe3"
	"\x8d\x8d\x66\x9c\xd1\x60\x9d\x41\xb7\x1b\xd5\x55\x8a\xe8\x88\xc6"
	"\x81\x18\xe6\x16\x04\x30\x09\xe2\x6f\xe6\xd6\xc3\x87\x30\xd5\x9a"
	"\xc9\x5c\x8b\x6d\x16\x90\x3a\x77\xbb\x14\x38\x41\x50\x23\x4d\x24"
	"\xac\x8c\xa8\xce\xfc\x01\x6e\x66\xe1\xc6\xb2\x13\x8b\x07\xee\x2f"
	"\x85\x7b\x2b\xc5\x39\xd6\x35\xb5\xc2\xed\x7c\x04\x68\x59\xc0\xb9"
	"\x4f\x0a\x67\x6e\x9b\x7b\x38\x18\x49\xd7\xe1\xd0\xd8\x13\x6c\x94"
	"\x34\x7b\x80\xc8\x81\xdc\x3b\x16\xf2\x04\x46\x96\x40\x93\x99\x8b"
	"\xd8\x86\xdf\x00\x9e\x01\x40\x0b\xcb\xb2\xa7\xb6\x3d\xc5\x21\x22"
	"\xb2\xa4\x65\xa4\x63\x8f\x55\xaf\xf4\x05\xf2\x92\x44\x00\x72\x4a"
	"\x16\x9e\x6b\xc8\x01\xf5\x7d\x25\xf3\x87\x40\xad\x53\x33\xdd\x33"
	"\xd5\x0f\x02\xb0\xdb\x23\x74\xd7\x4c\x9f\x19\xf3\xf7\xb1\xb8\xb7"
	"\x2d\x1d\x7b\xf7\x76\xeb\x1e\x6f\xa4\xff\x66\xae\x01\x10\x70\x41"
	"\xd7\x99\x32\x0b\xb1\x06\x97\x99\x20\x9e\xd8\x04\xf1\x1a\xd0\xca"
	"\x30\xd3\x02\xae\xf9\x9b\x7a\xa1\x74\xbd\x85\xa1\x17\x4b\x4a\x20"
	"\x2a\x9a\x01\x10\x53\x6f\x81\x3d\x66\xb9\x4e\x54\xef\x2f\x9c\x1e"
	"\x31\xd7\x5e\xc5\xae\xbd\x38\x8c\x62\x7a\xcf\x4c\x7a\x0b\x55\x5c"
	"\xa7\xfe\xf3\xe5\xf8\xf6\xe7\x4f\xf6\xcf\x42\xd0\x2a\xd6\xcb\x49"
	"\x63\x6c\xf8\xf9\x06\x2e\x9e\x35\xb6\xd3\x93\x9f\x6e\xd6\x45\x3f"
	"\x0f\x96\xfa\x12\xce\x55\x0d\x43\x20\x83\x14\xe3\xf4\x24\x3e\x14"
	"\xc8\xd5\x81\xa0\x43\x84\x50\x0d\xd7\x13\x34\x38\x66\xe5\x92\x5c"
	"\x25\x1d\xe7\x29\x14\x90\x00\x05\x9b\xab\xf6\xce\x80\x0b\x0a\x6a"
	"\x7b\xba\x8e\x46\x72\x1b\x42\xb5\x5d\x5b\x9e\x8f\xdf\xbe\x29\x47"
	"\xb2\x5d\xfb\x91\x3e\x5b\x6e\xcd\x4a\x06\x6e\xd7\x14\x6a\xc6\x99"
	"\x2f\x76\x05\xab\x00\x37\x21\x97\xf3\x96\x21\xf9\x02\xf4\xea\x23"
	"\x6f\x1c\x4a\xf3\xdd\x38\x88\xd0\x32\xda\x47\xe5\xc3\x38\xd2\xcc"
	"\x06\x5b\x54\x6b\x27\xa4\x4e\x16\xd1\xcd\xc7\xf7\x0b\x78\xc3\xff"
	"\x98\x5c\x64\x5f\xdf\xa6\x6b\x5a\x5f\xfe\x38\x82\x5e\xd2\x84\x13"
	"\x99\xfc\x04\x43\x72\x79\x3c\x7f\xab\x2f\xc3\xb9\x7a\xed\xfc\x82"
	"\xa4\x0c\x5c\x59\x7e\xa1\x2b\xf0\xb8\x34\x0a\x2e\x27\x29\x62\xca"
	"\xac\xc0\xd2\xb0\xc4\xdc\xc6\x4b\x89\x35\x5a\x82\x8f\x66\x7d\xa7"
	"\x46\xfc\xff\x29\x97\x4e\x52\xdd\x11\x60\xc8\x99\xe5\xd0\x1e\x0c"
	"\x52\xd5\x5f\xcd\xc1\x01\xac\x4b\xd5\xab\x9e\x20\xe2\xe2\xb8\x20"
	"\x97\x9b\x5d\x1a\x84\xc5\x01\x2b\xff\xae\x78\xc8\x40\x68\x9f\x4d"
	"\x07\x39\xdf\x48\xa0\xae\xc5\x78\x19\x5d\x20\x74\x2a\x9f\x10\x15"
	"\x22\xf7\xa2\xf8\x9d\x01\x7f\x80\xd7\x22\x38\x99\x82\x95\xf0\x41"
	"\x66\x88\xa3\xfa\xee\x4f\xda\xe8\x33\x25\x85\x73\xd8\x4e\x98\x44"
	"\x9e\xd0\x4a\x62\x9d\xa4\x0d\xe5\x82\xe6\x83\x3e\xb1\x75\x49\xfa"
	"\xb7\xf3\xe5\xc9\xfa\x5b\x17\xc0\x89\x65\xb6\xa1\xea\x57\x4d\x62"
	"\xef\xab\x5b\x3c\x9c\x92\xe2\x81\x9d\x39\x2d\xdd\x73\xd1\xb2\xbd"
	"\xe6\xe7\x09\x93\x63\xeb\x08\xb9\xc3\xd0\x00\x18\xa5\xe5\xea\x3a"
	"\x69\xfa\xe9\xe0\xa3\x51\x93\xdc\x73\x48\xd9\x4d\xaf\x76\x51\x58"
	"\xf5\x5d\x53\xaa\xb5\x2e\xf6\x03\x45\xf5\x6a\x4d\x09\x35\xd5\x08"
	"\x9f\xed\x77\x64\xb9\xf4\x7e\x0f\x99\x6b\xcc\x9c\x2c\x0f\xbe\x75"
	"\x30\x42\x02\x66\xbb\xc8\xde\xde\x85\x20\x6f\xde\x3a\x90\x19\x16"
	"\xf5\xb8\x81\x6c\x1e\x12\xdf\x9b\x99\xeb\x9b\x90\xc3\x6c\x81\x45"
	"\xe7\x6d\x30\x05\xf3\xa8\x3b\x52\x56\xc4\x62\xdb\xb1\xfc\x2f\x60"
	"\x9c\xaf\x64\x84\x58\x0d\xb4\xa0\x03\x87\x78\x46\x44\x4e\x57\xe8"
	"\xa3\x55\x05\x63\xcd\xbe\x00\x72\xbf\x02\xfa\x0a\xc6\x1f\x19\x8d"
	"\xa9\x5d\xfa\xe6\xc1\x58\x6e\x5d\xe7\xce\x88\x60\x5c\x43\x59\x20"
	"\xce\x78\x5b\xcc\x2a\x41\x5d\x8f\x5c\x47\x9d\x4f\x64\x7b\x14\xe2"
	"\x21\x1e\x22\xba\xb9\x38\xe6\xa1\x0a\x13\xd7\x72\xcc\xeb\xa1\x80"
	"\x88\xce\xee\xd0\x35\x54\x1e\x8d\x2d\x5a\xe8\xd1\xc5\x78\xa7\x2f"
	"\xa6\xe3\x4b\xd6\x19\x87\x78\xa3\x90\xa9\x3b\x0e\x19\xe7\x0d\x0b"
	"\x6b\x7c\x51\xdb\xe6\x25\x54\x2c\x30\xd7\x53\xb7\xa1\x9b\x8e\x8f"
	"\xee\xcc\xb6\xbf\xc0\x3c\xa6\xfe\x17\x98\x90\x33\xb6\x7c\x1c\x7b"
	"\x64\x41\x27\x34\x9f\x2f\x3c\x64\x53\xd2\x78\xf2\x82\xf9\x03\xb1"
	"\xc7\xbe\xc0\xfc\x03\xe6\x3a\xee\x57\x6a\x38\x36\x91\xf9\x3c\x5a"
	"\xd0\xe1\x91\xf8\xd5\x18\x6e\xb4\x1e\xb6\xe3\xcf\xc6\x26\x08\xe6"
	"\x35\xbe\x0b\xf1\x46\x67\xe2\xcc\xf7\xaa\x15\x49\xa2\xf8\x61\x0c"
	"\x39\x9f\x8e\x2d\x0e\x67\x6a\x99\x97\x18\x2b\xef\xec\x79\x49\x46"
	"\x26\xca\xd4\x2f\x47\x5a\x0f\x10\xd7\x1b\x85\x20\xef\xb7\xaf\x10"
	"\x96\xcc\x9c\x91\x46\x2d\xb7\x53\x7f\x64\xd2\x16\xb9\x47\x47\x56"
	"\x19\x4c\x08\xf3\x0a\xfa\xfd\x21\xdd\x26\xf9\x60\xc6\x9c\xde\x7e"
	"\x01\x95\x6a\x64\xbe\xe4\xb1\x35\xc2\xe7\x01\x61\xae\xe2\xaa\xe4"
	"\x7f\xf5\xf6\x82\x7e\x26\x89\x7f\x10\x71\xdc\x86\xe3\x9a\xee\x99"
	"\xb9\x8f\xe6\x3d\xcb\xa0\xeb\xab\x6f\x19\x37\x6f\xac\x85\x9d\x77"
	"\x3b\xa0\xff\xea\x62\x0d\x24\x44\x13\x98\xfa\x96\x8a\x44\x7d\xe5"
	"\x80\x61\xd4\x01\x9e\x58\x85\xe9\x5a\x46\x1d\xe8\xa4\x09\x5f\xa8"
	"\x24\x16\x07\x9b\x69\x18\x33\x95\x9a\x29\x2f\xb7\xc0\x3a\xbc\x20"
	"\x7c\x8e\xad\x03\xc4\x36\x99\x24\x70\x5c\x1c\x5b\x58\xa4\xaa\xfb"
	"\x8a\x1c\x22\xc8\x59\xaf\x1d\x0a\xd7\x8e\x58\xde\xc2\x87\x2a\x18"
	"\x2e\x12\x44\x17\x49\xb8\x7c\xc5\x3b\x73\xaf\x9f\xda\x79\xec\xba"
	"\x56\x85\x65\xde\x04\x1e\x60\x28\x40\xda\xac\x8c\x91\xe5\x94\x37"
	"\x97\xb2\x24\x89\x19\xb0\x81\x36\x56\xc9\x3a\x29\x47\x30\x9a\x29"
	"\x23\x88\xeb\x5c\xf4\x71\x77\xe8\xba\xe9\x06\xbd\x96\x0f\x10\x3a"
	"\x38\x0d\xad\xd2\xf9\xbe\x85\xca\xd0\x97\x63\xfd\x76\x51\xa6\x3a"
	"\x61\x0f\x29\xd7\x93\xf1\x6e\xe3\xe9\x5a\xad\x86\xa7\x2f\x77\xab"
	"\xe1\x13\x2a\x91\x1f\xd8\xa3\x29\xd3\x72\x77\xd0\xd8\xa1\xb6\x37"
	"\x94\xaa\x57\xdc\x9d\x08\x33\xae\x7f\xcf\x0e\xb4\x1c\x56\x26\xd7"
	"\x89\xa3\x62\x8b\x62\x02\x08\x3b\x3b\x82\x21\x88\x47\x29\xa0\xb1"
	"\xb0\xa0\x19\xa2\x8e\x89\x3a\xd0\xa8\x75\xe2\x80\x62\xd2\x10\x09"
	"\x77\x2e\x32\x28\x76\x48\x10\x64\xa0\x26\xab\x99\x33\xd5\xf7\x94"
	"\xb4\x58\xdc\x90\x22\x0c\xa4\x22\x7c\x8b\xa4\xbb\x42\x4e\xad\x80"
	"\x7f\xe8\xa2\xe6\x76\xc8\x90\x6f\x98\xee\xd4\xa8\xd0\x22\x19\xbb"
	"\x58\x6a\xbf\x4a\x22\xcd\xb5\x2a\x38\x55\xfd\x38\xfd\x71\x99\x6c"
	"\x7e\xbc\xd7\xe7\x5f\xf6\x93\x6f\x9f\xf5\xc7\x45\x77\xa9\xbf\xe7"
	"\x3d\x2d\x19\x25\x1e\xbf\x9a\x95\x04\x2e\x77\xbb\x95\xcb\x8b\x88"
	"\x25\x0e\x5c\x7e\xeb\xa3\xe6\x66\xe0\x80\x01\xd9\x1a\x62\xdf\x5e"
	"\x38\x3b\x8c\x18\x47\x4b\xf4\xbb\xb9\xe3\x2e\x91\x0d\xc7\x9f\xdb"
	"\x58\x9e\xbe\xed\xfb\x21\x56\x1e\xf3\x7a\x9a\xad\x3c\x31\xe0\x9d"
	"\xfa\x71\x69\x9e\x73\xa8\x41\x26\xc9\xd3\x53\xfd\x52\x9f\x4f\xaf"
	"\x75\x3f\x86\x2b\xe1\x2b\xcc\x9e\x39\x88\xd1\x71\x43\x55\x9d\xc2"
	"\xc8\x1c\xdf\x1e\x5f\x4e\xdf\x44\xdc\xca\x26\x8a\xe6\xd3\xe9\x8d"
	"\x17\x39\xcc\x7f\x3e\x43\x62\x13\x70\xd2\x1c\xd1\x2d\x39\xc9\xb7"
	"\xd1\xaf\x6c\xc4\x8e\x92\x93\x7a\xf6\x8d\xdd\xaa\xb6\xf5\xfc\xe7"
	"\xf1\x97\xe7\xe3\xb9\x7e\xba\x88\x78\xba\x48\xa5\xcb\x79\xcf\x79"
	"\x64\x13\xe6\xf7\xfd\xf1\x89\x67\xf2\xf6\x54\x7f\xa9\xe5\xb6\x87"
	"\x36\xcf\xf6\xd0\x36\xcc\xa7\xc3\x92\x03\x51\xe3\x6b\xc4\x52\xf6"
	"\xe3\xed\xf2\xbd\xfe\x38\xf6\x0a\x5c\xf8\x2e\x96\x2b\x27\x4d\x87"
	"\x0f\xdb\xea\xcb\xbf\x4f\xe7\x3f\x45\x0f\xfd\xf8\x4f\x7d\xfe\x9f"
	"\x49\xf4\xfa\x5e\x3f\x8b\xf6\x51\xa4\x51\xde\xc2\x1d\xea\xbd\x84"
	"\xf7\xe6\xbf\xea\x49\xfd\x56\x9f\xbf\xfd\x98\x88\x59\x06\xb3\x30"
	"\xa2\xea\xb7\xe1\xdc\xf7\x86\xb5\x28\xea\x8f\xd3\x0b\xdc\xdb\x7c"
	"\xa1\x4b\x1d\xb6\xc0\xba\xd4\xe1\x8a\x88\x3d\x1c\x7d\xf6\x5e\x3f"
	"\xfe\xf9\xf9\x0e\x39\xf2\x62\xea\xc9\xc7\x7b\x5d\x3f\x7d\x57\xbc"
	"\x24\x4b\x4e\x51\x0d\xdc\xaf\x34\xb3\xe7\xf9\x7c\x3a\x3e\xdf\xb6"
	"\x2a\xc2\x36\x3d\x1e\xca\x95\xb8\x22\xe3\x42\xdf\xbe\xe7\xf3\xbb"
	"\x95\x6f\xc4\x33\xe5\x9b\xb8\x93\xa5\xe2\x38\x93\xef\x35\x9b\x90"
	"\xe8\x3d\x7f\x00\x86\x92\x62\x1f\x66\xbb\x72\x04\xb5\xd9\xa5\x77"
	"\x23\x10\x2e\x19\x18\x01\xab\xac\xa0\xa1\x10\x20\x60\x1b\x46\x61"
	"\xc2\x18\x47\xbc\xfd\xab\x52\xbe\xd9\xd1\x4d\x18\x70\xa9\x2d\x0e"
	"\xf5\x4d\xae\xf2\x2c\x8b\x45\x8c\xef\xaa\x08\xf9\xce\x1e\xdf\x04"
	"\xd0\x2b\x15\x92\xb9\xae\x5d\xdc\xfd\xc3\xb6\xac\xe1\x80\x2c\x33"
	"\xcc\x57\x13\x97\x57\x2b\x2e\xab\xce\x9d\x29\x22\x8f\xae\x91\x76"
	"\xac\x59\x05\xee\xb7\x97\x19\xf6\xf2\x2f\x8d\xf8\xd8\xb0\x1c\x71"
	"\xe4\x23\x1f\x9d\x57\x34\xbe\xab\x0e\x31\x17\x0b\xf9\x1f\xf7\xbf"
	"\x23\x75\xbc\x8f\x62\xca\x9b\x65\x09\x4b\xa5\x11\x04\x66\x78\x82"
	"\xbd\x72\xbb\x63\x73\xec\x28\x6c\x5d\x84\x0f\x98\x55\x57\x1e\x4d"
	"\x35\x8b\x77\xfd\xf8\xf1\x67\x7d\xd1\xbd\x00\x6c\x07\x62\x4d\xd8"
	"\x5d\x58\xf2\xa1\x27\x49\x78\x9f\x15\x77\x98\xa4\x0c\x4a\x00\x44"
	"\x9d\x5f\x0d\x77\xf7\xed\xe7\xe3\xcb\xd3\xe9\xf5\x75\x42\x38\xe3"
	"\xe2\xfb\xfc\x84\xc6\xc1\xe4\x1e\xde\x21\xbd\x9e\x9e\x3f\x5f\xea"
	"\xdb\xfa\xda\x52\xc2\xfb\x35\xa8\x80\xd8\x31\x76\xeb\xa4\xc2\x41"
	"\xbc\x90\x15\xff\xf6\x5c\xff\xf1\xf8\xf9\x72\xe9\xdc\x04\xac\xb3"
	"\x38\x58\x45\x88\xdd\x07\xdd\x14\x7c\x8f\xbf\xbe\xfa\x66\x78\x2d"
	"\x2f\x9c\x47\xbc\x9d\xf8\xb6\x71\xac\x3f\x26\xc7\xb7\xa7\xbf\x4f"
	"\xc0\x68\xfd\x03\xae\x8d\xff\x38\x3e\x35\x7d\x35\x7c\xa6\x02\x62"
	"\x56\x78\x28\xdb\x50\xbb\x3d\x5b\xbd\x82\x6b\x77\xdd\x48\x57\xb9"
	"\x1a\x5e\x20\xbf\x8a\x33\xa0\x4a\xe8\xd5\x80\x2e\x28\x0d\x72\x00"
	"\x76\x1c\x73\x74\xad\x3b\xf9\x0f\x30\x0c\x88\xc0\x11\x86\x88\xd6"
	"\x0a\xab\xce\xe9\x2c\xc2\x9c\x28\x4f\x2b\xf9\x6f\xfd\xca\xcf\x09"
	"\x7a\xb5\x02\xb4\xfb\x20\x82\x55\xb3\x8a\xc2\x5e\xc8\x2b\x69\xde"
	"\xdc\x2f\x06\x0c\xae\x7b\x45\xb5\x78\xb0\x9a\x06\x5a\xaf\x56\x6e"
	"\x95\x6c\x22\x18\xf2\xc3\x03\x56\xc1\x16\xc2\xb5\x6d\xce\x4e\x52"
	"\xb2\x46\xed\x6f\x95\xfe\x92\xba\x13\x97\xf7\x2b\xd5\x4f\x90\xc8"
	"\x91\xf7\x5d\xb0\x4b\x74\x3e\x05\xf8\xa2\x87\xab\x9d\x38\xcb\xee"
	"\x76\x1d\xb3\xd8\x0d\xd9\x87\x82\x33\xe4\x45\xc8\xf9\x47\x47\x1d"
	"\xbf\x71\x8d\xab\xc7\x7e\x19\xbd\x81\xbe\x9c\x9e\xfe\x94\x51\x05"
	"\x61\x1f\xee\x2e\xbd\x0e\xa7\x31\x87\xda\x05\xc4\x86\x05\x77\x63"
	"\xfc\x0a\x9c\x04\x4e\x11\x13\x93\x0e\x8c\x45\x1e\xe6\x27\x50\x45"
	"\x21\x36\x49\x2a\x68\xfa\x15\x10\xe2\x6b\xb2\x03\xa2\x01\x0d\xe7"
	"\x88\x14\xd9\x83\x2d\x9c\xd1\x26\x52\x06\x21\x4b\x2a\x24\x82\x07"
	"\x20\xb6\x59\x11\x6d\x75\x23\xdf\x61\xff\xa0\xc8\x75\x27\x4d\x87"
	"\x86\x19\xeb\x74\xc7\x94\xea\xab\x99\x04\x8c\x71\xfe\x14\xa3\x27"
	"\x00\x01\xa3\xba\x89\xd5\xbe\x2c\x56\xcf\x05\x88\xe7\x1a\xf2\x82"
	"\xcf\x8a\x3c\xd9\x28\xa2\x4c\xbe\xad\xd6\x94\x56\xbe\xe5\xeb\x87"
	"\x0e\x00\x49\x62\x42\x44\x4d\x16\x53\x0b\x71\xc0\x1b\x5d\xcb\x40"
	"\x02\x02\x01\x20\x1e\x03\xc8\x1c\x90\x3b\x49\xe0\xc3\x02\x30\x43"
	"\x4c\xb7\xae\x00\xec\x56\xe2\x06\x30\xe4\x10\x1b\x01\x81\xcc\x61"
	"\x31\xb3\x3d\x14\x10\x1b\x01\xbc\x08\xd9\xd7\x8b\xd1\x66\x18\x3a"
	"\xa2\xc9\x62\xac\xab\x16\x8b\x51\xc0\x6c\xac\x8c\xc5\x58\x67\x2e"
	"\x10\xa7\xa8\x4d\x5f\xf9\x53\x0f\xa5\xf3\xbd\x33\xcc\x46\x30\xb0"
	"\xef\x0e\x21\xd7\xbd\x33\xe1\x9b\x04\x78\xe1\x01\x0e\x1e\xed\xd5"
	"\x27\x9a\xb0\x1a\x48\x96\x37\x2f\x3a\x07\x55\xbf\xc3\x82\xbd\x01"
	"\xa0\xad\x9a\x11\xd4\xd4\xcd\x88\xa1\x24\x19\x83\xac\xf3\xdd\x68"
	"\x49\xb0\x5d\x8f\x81\x52\x6d\x3e\x6d\x57\xc9\x46\xc7\x51\xd7\x7a"
	"\xb7\xd3\xd0\x01\x41\x56\x7c\x90\xdc\xb4\x79\x90\x2e\x1b\x31\x48"
	"\x4e\xbb\xc9\xb7\x81\xbd\xb5\x08\x48\xfa\xc1\x97\x15\x5e\x86\xe9"
	"\x1a\x8b\x22\xd0\x96\x6a\xc6\x34\x35\x1e\x01\x35\xd5\x19\xa2\x3a"
	"\x73\xb1\xe9\x12\xb2\xce\x54\xfd\x4f\xcc\xd3\xb6\x3d\x82\x8a\x64"
	"\xd0\x76\x5e\x9b\x43\x6f\xad\x68\xd3\x65\x07\x6a\x28\x29\x4a\xb9"
	"\x8e\xe9\xa0\xa6\x5b\x59\x10\xa3\xbb\x25\x72\xaa\x7d\xad\xa4\x11"
	"\x23\x6b\x65\x84\xc4\x39\x58\x6c\x8b\xe7\x63\x46\x68\xdb\x78\x8c"
	"\xaf\xdf\x3a\xc1\x84\x10\xdc\x0a\x03\x50\xf1\xf2\x84\xe6\xbb\x2a"
	"\xe3\x43\x6d\x2c\x08\x76\x39\x67\x71\x3f\x92\x0d\x43\xdc\x0d\xb5"
	"\x9c\x65\x43\x7e\x0b\xcd\x53\xd6\x08\x69\xf9\x8a\x11\xd3\x72\x84"
	"\x3e\xa8\x95\x5d\xef\xb9\x0a\x9a\xaa\x0f\x74\x6e\x69\xad\x70\x21"
	"\xe5\x53\x21\xb3\xb2\xd3\xe7\x59\xa7\x00\x09\x83\x4f\x79\xbb\xa4"
	"\xa4\x70\xf1\x7d\xd9\x91\x88\x89\x0c\x16\xbe\xe9\x07\x20\x56\xd3"
	"\xab\x70\x5f\x82\xf3\x64\xd5\xe7\xa1\xb8\x4b\x2a\x0a\x52\xee\x38"
	"\xd6\xb2\x7c\x0f\x11\x6a\x21\x94\x78\x0c\x2e\x7d\xaf\x68\x7b\x66"
	"\x5b\xe2\x3f\xbd\x64\x23\x8c\xeb\x5a\x2c\xcf\x76\xe1\xa0\xc0\x6e"
	"\x25\xf7\xb4\x6c\xac\x1a\x51\xb4\x04\xb2\xdc\xd7\xba\x6d\x48\x48"
	"\x14\x2f\x33\xe5\xae\x12\x3e\x4a\x36\x3b\xe4\xbe\x4b\x6a\xaf\x06"
	"\x80\xeb\x58\x55\xb2\x44\xe2\x7b\xb6\x97\x7d\x18\xbd\xa9\x0e\xfe"
	"\x7c\x4a\x8a\x96\x39\x05\x65\x4d\x77\xde\x25\xdc\x20\x74\xfd\x22"
	"\x44\x5c\x4c\xdd\xa9\xca\xa1\x4c\xba\x19\x72\xca\x83\x08\x38\x3f"
	"\xe4\xda\xb5\x20\x4e\xf2\xc7\x6f\xb5\x30\x88\x1d\xba\xe0\x91\x5f"
	"\xc3\x3d\xc3\xba\x24\xcb\xee\x43\xb3\x3e\x05\x18\x8b\xaa\xdb\xe9"
	"\x00\x5c\xff\x8b\x57\x68\x7b\x07\x9f\xf0\xd1\xd9\xcf\x99\xf6\xd8"
	"\xab\x87\x5c\x11\xd5\x05\x87\x16\xf0\x5f\x96\x2e\x3e\xe1\xeb\x89"
	"\x6b\x9b\x65\xbc\x34\x7c\x73\x75\x49\xc8\x59\x6b\xb9\x29\xb2\xdd"
	"\x7a\x63\xa8\xf3\xbe\xe3\xe1\x33\x5b\xc9\xe4\x7e\xbf\xca\xbb\xc7"
	"\x76\x1a\x94\xd1\x60\x18\x3b\xd3\x97\xc9\xef\x95\x29\x0d\x69\xd5"
	"\xde\x45\xd7\x89\xa0\x7f\xa1\x37\x78\xbb\xc5\x85\x21\x7e\xdf\x79"
	"\xcd\x0d\x72\x12\x3e\x2c\xf4\xba\xbc\x98\xcb\x31\xf9\xfd\x81\x4f"
	"\xfb\x3c\xef\xdd\x17\x09\xa2\x9c\x8c\xc3\x33\xeb\xd7\xd3\xa5\x7e"
	"\x3f\x9f\x9e\xb4\x96\x00\x21\xf8\x0a\x05\x73\xd1\xe1\x87\xef\xaf"
	"\x1f\xdf\x86\x7c\x93\xeb\x61\xac\xf3\x1a\x58\xfc\x84\xab\xfb\xa2"
	"\x9f\x26\xb5\x40\xe1\xe5\x25\x25\x65\xb4\x57\x26\xf7\x00\x52\xe4"
	"\x5a\xfb\xdd\x3e\x8c\xc9\x03\x6d\x94\x9c\xab\x6f\xac\x34\x00\xe4"
	"\xda\xec\x06\x64\x49\x60\x80\xc8\x7b\x41\x54\x56\xe5\xa0\x7e\x06"
	"\xf2\x6c\x9f\x77\xf0\x4f\xec\xc7\xc7\xa5\x7e\x9d\x64\x6f\x13\xfa"
	"\xfd\xf8\xfe\xf3\xed\x90\x2e\xe8\xdd\x81\xbd\xc2\x71\xde\x93\x08"
	"\x99\xd9\xbb\x1e\x5b\x9e\x4f\x8f\xcf\x4f\xa7\xd7\x1e\xed\xb6\x83"
	"\x42\x0c\xbd\x82\x26\x7c\x2a\x0d\xef\x50\x0e\xf9\xaf\xb7\x78\x9b"
	"\xdb\xd3\x39\xda\xea\x8a\x38\xfe\x3d\x39\xe8\xd2\xaf\x27\x8e\x2a"
	"\x4d\xd1\xd3\xf9\x0c\x04\x3b\xb1\x60\xd9\x3b\xba\xe2\xc2\x05\x93"
	"\x33\xbb\x47\x28\x76\x69\xb5\xdd\x85\xbb\x10\x4e\x70\x4b\xd6\xd7"
	"\x67\xb6\xcb\xb2\xda\xf0\x1c\x63\xc4\x55\x95\x1c\x59\xb6\x8c\xb0"
	"\x05\xc3\xf9\x3e\xed\x15\x19\xc7\x94\x0e\xd6\x0e\x68\x17\x82\x82"
	"\xae\x3c\x2e\xcf\xb7\x9f\xaa\x2b\x12\x64\x51\x7d\xa6\x5c\x9c\xe2"
	"\xfa\xdd\x20\x5b\x15\x04\x54\xf0\xc5\xba\x4a\xb4\xe2\xb5\xc0\x24"
	"\x41\x59\xc5\x19\x09\xd4\x17\x2a\xe2\xa4\x36\x5f\x32\xec\xab\x2d"
	"\x57\x22\x37\x61\x9c\x2b\x8f\x5e\xae\x14\x71\xe8\xa9\x49\x0f\x56"
	"\x4a\x43\xe4\xd9\x28\x2d\x63\x53\x29\xc2\x79\x3a\x1f\xfd\x38\x26"
	"\xb9\x7a\x40\x29\x07\x39\x29\xc1\xed\x83\xd6\x33\x84\x04\xf4\xce"
	"\x76\xae\x89\xe8\x79\x6e\xb3\x52\xc3\xe1\x49\x12\x5f\x7d\x7d\x66"
	"\xa2\x4c\x29\x66\xa0\xc5\x4e\x9f\xdc\xcd\x39\x24\x45\xfc\x50\x15"
	"\x7c\x3a\x66\xfd\xa3\x59\x5e\x91\xac\x78\x10\x13\xbc\xf7\xbe\xe9"
	"\xaa\xe5\xf2\x99\x52\x54\x3b\x21\xa5\x9a\xda\x23\xd6\x41\xd8\xcb"
	"\x9e\x25\xb9\x93\x6b\x5a\x8a\x78\xa7\x11\xd4\x7b\x9a\x82\x8f\xb6"
	"\xb2\x88\xd1\xe6\xe6\x51\xcc\xff\x65\xe0\x88\x21\x9f\xed\xb5\x07"
	"\x11\x61\xb9\xcb\x2b\xc6\x8a\x2a\xcd\xca\x68\x25\xc4\xc3\x6c\x57"
	"\x76\xe6\x13\xd0\xd8\x03\x83\xc3\x3d\x05\xf2\x0f\x38\xb9\xb4\x14"
	"\xd4\x6e\x09\xaf\x29\x0c\xa8\xeb\x73\x91\x41\x81\xfd\xfe\x08\xe9"
	"\xae\x08\x1b\x37\x4e\xea\xe1\x48\x63\x6f\xc1\x97\x0b\x85\x17\x62"
	"\x7a\xa2\xc8\x3b\x1a\x7c\x2a\x2a\x08\xb7\x9d\x05\xdf\x8a\x49\x57"
	"\x4c\x68\x7a\xab\x87\x97\xcd\xde\x8a\x08\x91\x49\x32\x40\x8b\x66"
	"\xdc\x42\xa1\x74\x88\x70\xa9\x77\x65\x78\xdd\x86\x05\x9c\x17\xec"
	"\x9d\x5e\x62\xb8\x0b\x06\x63\x9f\x44\x69\xd4\x17\x14\xfa\x62\x6f"
	"\x81\x1f\xde\x64\x05\x44\x9a\x48\xd7\x7c\x6a\x96\x21\x2d\xf1\x23"
	"\x9c\x98\x04\x91\x78\x94\xf7\xdf\xa1\xc3\xc2\x50\xb3\x15\x23\xd3"
	"\xa9\x6f\xf5\xa3\x29\x29\x93\x97\x94\x74\x13\x64\xeb\x61\x67\xf0"
	"\x76\x97\x11\x89\xc1\x23\x02\x1f\xfe\x1e\x51\x5e\x0f\xdf\xc3\x87"
	"\xcb\xa8\x04\x57\xa7\x72\x4e\x0d\xba\x4f\x40\xa2\x3c\xaa\xc2\x14"
	"\x24\x55\xac\x1a\x20\x8e\x31\x4a\x62\x29\x6d\xf5\x29\x37\xb9\x60"
	"\xd3\x5f\xf1\x5c\xcf\xd5\xbe\x47\xda\xb2\x30\x14\x0e\x1d\xa2\x62"
	"\x3b\xfc\x86\x2f\xc5\x5d\x19\xc5\x7a\xed\xac\xfb\xa9\xc6\x3f\x9d"
	"\xb2\x21\x82\xa8\xd3\xbf\x3c\x12\xe2\x4f\x7e\x57\xea\x58\x4b\xc5"
	"\xe2\x30\xcc\x5b\xce\xa3\x76\x15\x78\x69\xc1\xcb\x13\xb3\x89\xb3"
	"\x8f\xdb\xf6\xd4\x91\xb9\x9b\xd5\x94\x27\x83\x32\x69\x94\xee\xb3"
	"\xbb\x50\x5d\x15\xc2\x63\x53\x5f\xcf\x16\x6b\x29\xe9\xf7\x15\x5c"
	"\xe6\xcb\x05\xa4\xef\x2b\x5e\x38\xe7\xe5\x45\x88\xf9\x97\x6c\x17"
	"\x9b\xae\x07\xf9\xb7\x42\x8a\x83\xdc\x61\x9a\xa9\x6d\x0a\x82\x42"
	"\x21\x29\xd5\xfa\xad\x24\xeb\xbd\xaf\xcd\x94\x0f\x1e\xdb\x24\x4d"
	"\x47\x76\x9a\x17\x36\xd6\x6e\x82\x8d\x34\xfc\xa9\x9f\x2d\x48\x07"
	"\x5c\x8d\x26\x3d\x77\x13\x8a\x80\x05\x63\x50\xf4\x3b\x7a\xbb\x09"
	"\xc3\x66\x8a\x8b\x92\x72\x70\x81\x4b\xd5\x38\x15\xf2\xf3\x03\x9f"
	"\x5a\x21\xb9\x53\xdb\xda\xb8\x3e\xe8\xfb\xaf\xef\x90\xca\xdf\xfb"
	"\x75\x95\xa6\xa5\x88\x6b\x52\xf8\x72\x73\x0f\x51\x6a\x74\x97\x9f"
	"\x37\xd5\x09\xb6\x2e\x9d\x8b\x24\x41\x50\xb4\x54\xb1\xc9\xa1\x97"
	"\xbe\x82\xca\x3b\xb6\xfb\x49\xb3\x2f\x62\xbe\x7e\x25\x75\xe0\x4e"
	"\x45\x11\xb0\xcb\xa1\xf5\xe9\xe1\xf8\x72\x7c\xfb\x0b\x93\xca\x1b"
	"\xd3\xdc\x3d\xdd\x69\x6a\x99\x83\x80\xb0\x5f\x15\xe1\xb6\x3d\x5d"
	"\x68\x7e\x4e\xd6\x27\x9e\xd1\xdb\xa9\x2b\x66\x37\xa4\x6a\x9d\xed"
	"\xdb\x98\x62\x59\x1a\x84\x20\x75\x77\xcc\xa6\x3b\xa0\xce\xdc\x41"
	"\x00\x20\xbb\x31\xb2\x47\xc8\xf0\xdc\x9b\xe5\x04\xfd\x9a\x6b\xec"
	"\xd1\xbe\x2f\xaf\x2c\x23\xf0\x8b\x73\xaf\xcc\x1a\x71\x50\x14\x26"
	"\x31\x01\x77\xea\xa9\x3e\x37\xf9\xf1\x3d\x9f\x23\x89\x7a\xbe\x3b"
	"\x00\x51\x42\x37\xa1\xc4\xe9\xac\xd6\x3b\x70\x59\xa6\xbe\x3c\x58"
	"\x35\xb1\xdb\xef\xf6\xa0\xaf\xdb\x0c\x4a\x27\x41\x11\xa6\xcd\xec"
	"\xc7\x30\xeb\x7c\xc7\x5b\x32\xe8\x02\xc9\x79\x1a\xf0\xea\x7e\x98"
	"\x41\x33\xaa\x8a\x57\x2d\xe5\x23\xfe\xef\xf2\xbe\x7f\x5e\xa1\x20"
	"\xb6\x19\xc3\xfc\x3b\x2a\xf3\x07\xa2\xd3\xd0\x04\x31\xb7\xba\x4d"
	"\x4b\xc9\x98\x75\x4f\x8c\x85\x57\xdd\xb6\xfb\xc2\xbf\x2e\x4f\xa7"
	"\xb7\xd6\x25\xbe\xc6\xbd\x50\xe3\x84\x97\x04\xb4\xfa\x8d\x68\xa5"
	"\xe0\xd6\x4d\x6f\xae\x5a\x4c\x37\xc9\x10\x5c\xc0\x45\x1c\xa6\x37"
	"\x90\xc6\x86\x9e\xb3\xd2\x24\x62\xd4\x84\x2c\x4a\x7f\x31\x77\x89"
	"\x09\xc2\x12\xcf\x43\x1e\xa9\x34\x88\xd6\x83\xab\x5e\x22\x12\x3a"
	"\x81\x8e\x2d\xa9\xad\xe3\x3f\x1b\x49\x56\xcf\x0c\x45\x78\x60\xe9"
	"\xdf\x0c\x05\x34\xcf\xd9\x51\x3a\x6b\x83\x85\x98\x10\x9a\x4c\xbe"
	"\x68\x92\x6b\x9b\x4c\x72\x11\x4f\xf8\x24\x38\xc4\x2e\xd7\x8e\xb1"
	"\x98\x9a\x2d\x1d\x3b\xb1\x59\x26\xc4\x46\x6c\x72\x39\xc9\x71\x30"
	"\x12\xb5\x3d\x4b\x9c\x82\xeb\xf5\xa2\x80\x60\x8e\x47\x03\xe2\x22"
	"\x4f\xc3\x82\x84\x14\x01\x62\xf4\x21\x69\x0b\x9c\x86\x18\xc7\x89"
	"\x61\x2f\x32\xf0\xfb\x28\x6b\x6b\x72\x30\x28\x06\xb0\x6c\x70\x2e"
	"\x98\xb6\xe9\x6d\xf1\x0e\x2c\x58\x20\x14\xfa\xdb\x9d\x6d\xd9\xfa"
	"\x03\xcf\x84\xba\x8e\x8b\xb9\x7d\x22\xf3\xa9\x87\x8f\x62\x4b\xc7"
	"\x1d\x56\x91\x39\x6a\xf9\x90\x10\x7f\x8a\x18\x1f\x73\xda\xc2\xf3"
	"\x6c\x03\x0d\x69\xca\x81\x4e\x2d\xe4\xad\x29\xa7\xcd\x1c\x84\xbf"
	"\x70\x2d\xc0\x45\x83\x7f\x97\x77\xbe\x6b\x3b\x28\x6d\x49\xbc\xff"
	"\x97\x55\xba\x33\x43\xed\xcb\x9d\x85\x8d\x93\x7c\x8c\x34\x9d\xe3"
	"\x66\xee\x78\x59\x73\xbc\xac\xf9\xc2\x45\x8d\xe3\xfd\x39\x46\x5a"
	"\x38\xe8\x57\x0b\xc4\xb5\x0e\x15\x56\xa8\x36\xec\x21\x7a\xbe\x9c"
	"\xee\xc3\x38\xcb\xc3\x46\x53\xcd\xb0\xc0\x5a\xfe\x14\x79\xe7\xb8"
	"\x39\x60\x51\x94\xa3\x94\x38\x87\x03\x5a\x72\x5c\x52\x67\x3a\xb7"
	"\x71\x1a\xe6\x33\x09\x68\x88\x3b\x68\xbe\xe1\xd9\xd8\xf3\x6e\xa0"
	"\xd9\x36\xe6\x8c\x4d\x10\x7d\x94\x86\xbd\xc9\x07\xcb\xbb\x19\xd2"
	"\xfe\x84\xe6\xae\x83\xb8\x67\x00\xda\x14\x71\x4e\x90\x92\xdd\xbc"
	"\xf7\xd6\xb3\x2b\xd5\xec\x41\x1c\x18\x68\x18\xd7\x6d\x9c\x53\xbd"
	"\x81\x4a\x5a\x62\x83\x20\xcf\x0d\x0b\x23\x59\x64\x1b\x8d\x43\xf6"
	"\x18\x84\x05\x42\x84\x49\xb2\xc0\xe0\xca\xaa\x14\x55\xb7\x7c\x9b"
	"\x1a\xc9\xc8\x23\x88\x96\x3c\x65\x16\x72\xb3\x2b\x11\xb6\x63\xbb"
	"\xbe\x89\x6e\xf9\xcc\xb6\x1c\x63\x0e\x3e\xb3\x3c\x23\x62\x66\xb3"
	"\x19\xe2\x53\x42\x20\x78\x09\x88\x55\x98\x24\xcf\x17\xc8\xdb\x12"
	"\x49\xf6\x67\x3e\xda\x84\x32\xa6\x53\x0f\x89\x24\xbe\x5f\xcd\x6c"
	"\xab\xbf\x1c\x11\xd6\x0a\x0f\xd5\xdb\xbf\x79\xf2\xa3\x04\x28\x0c"
	"\xb7\xfb\xe5\xea\x7c\x7a\xbb\x4c\xc2\xb7\x67\x85\x13\xc3\x26\x5b"
	"\x84\x70\x1c\x34\x0c\x0c\x40\x5e\xdf\x5f\x8e\x7f\x1c\x07\xbc\xdb"
	"\x77\x67\x9a\xb7\x39\xdf\xeb\x57\x11\x41\x40\x3e\xd2\x55\x3f\x29"
	"\x63\xc2\x2a\x88\xe9\x2c\x9e\xe5\x22\x32\x4c\x38\x43\x64\x14\x4a"
	"\x99\x8f\xf1\x2f\xb2\x45\x95\xde\xfd\xef\xfe\x62\xe8\xa7\x6c\x73"
	"\x7c\x6e\xdf\x11\xc3\x83\x2d\x69\x09\xdc\x76\x15\x63\x79\x4b\xbc"
	"\x12\x54\x79\x84\xe5\x4d\x23\x7a\xa1\xdd\x1a\xb3\xe2\xcf\xb7\x6e"
	"\xcf\x07\xe6\xd1\xe9\xbe\xea\xb1\x90\xb7\xb7\x9c\xe4\xce\x2c\x94"
	"\x84\xbe\xdf\xf2\xa6\x98\xf5\x04\x27\x4d\x67\x38\x09\x93\x6b\x3d"
	"\x6f\xe1\x14\x38\xcd\xc5\x69\x16\xda\xb2\x99\x33\x2d\x50\x21\x0a"
	"\xf6\x90\x19\xfa\x9e\xca\x9b\xf9\x33\xf4\x53\x20\x2f\x66\x06\x21"
	"\xdc\x9b\x23\x12\x91\x20\xf9\x28\x69\x66\xe3\x24\xb4\x95\x06\x11"
	"\xc3\x45\xdf\xfd\xf9\x3e\xa2\x7f\x04\x79\x56\x82\xcb\x42\x3d\x91"
	"\x4d\xa7\x48\xe4\xf7\x64\xe6\xb8\x48\x6f\xf2\x0d\xd2\xb3\xd1\x0d"
	"\xd9\xf3\x1d\x74\xef\x9c\xce\x11\x73\x6f\xa0\x2d\x1c\x94\x03\xf3"
	"\xfa\x5b\xbe\x83\xba\x5c\x94\x08\xcf\x9b\x9b\x98\x64\xaf\x0f\xae"
	"\x4f\x30\x9f\x3f\x5f\x5f\x7f\x34\xe7\x55\xed\x42\x5c\x9d\xeb\xff"
	"\xfd\xac\xdf\x9e\x7e\x5c\x5f\xee\xfd\x07\x5c\x0e\x06\x01\xfb\x35"
	"\x8f\xe3\x16\x25\x4d\xab\x84\x15\xcc\xe3\xe5\x74\xfe\x35\x38\x7e"
	"\x5c\xce\xc7\x7f\x7e\xc2\x4b\xc5\xde\x43\xbf\x9e\x27\x21\xe9\xb1"
	"\xe3\xfb\xe3\x47\xfd\x4b\xcc\xf3\xa8\x9f\x27\xf1\xe9\xf4\x3e\xf9"
	"\x89\x67\xfe\xf3\xe4\x8f\x6b\xe1\x1f\x9d\xc2\xd5\x0c\x57\x5c\x74"
	"\xb3\x34\xaf\x0e\x25\xff\xf8\xf6\xe3\x7c\xfa\x78\x3a\xbd\xd7\x9c"
	"\x34\x64\xae\x42\x21\xb5\x50\x4e\x00\x54\xcc\xb5\x4f\x4b\x9d\x99"
	"\x54\x5d\x94\xfd\x1c\x0a\x36\xf5\x30\x8d\x74\x6d\x63\x0a\x50\xbe"
	"\x73\x2d\xcf\x42\x57\x67\xa3\xf6\xad\x1f\x8a\xcc\xa0\xf5\x45\xe5"
	"\xda\xed\xc5\xb6\x93\xec\xbd\x7e\x7c\xb9\x7c\xef\x6c\x42\x6d\xea"
	"\xf9\x32\x29\xa4\x57\xf1\xb7\xe3\xa5\xdf\x85\xab\x70\x3a\xc5\x96"
	"\xa2\xa0\x4d\xb1\xd5\xe1\x5a\x06\x71\x15\x88\x43\xcf\x2e\x9b\xcf"
	"\xd7\xe3\xf3\xf1\xf2\x43\x3b\x98\x89\xe3\x22\x72\x47\xb0\x29\x91"
	"\x4d\x70\x03\x32\x11\x22\xc4\x6e\x4a\xe6\x20\xeb\x77\x53\xee\x10"
	"\x0a\x8b\xe6\x98\x3a\x09\x24\x67\xd8\xed\x11\x5f\x33\x17\xf0\xe8"
	"\xf9\x5a\x3f\x7e\x7c\x9e\xeb\xd7\x9a\xcb\x1a\x9f\xbc\xa7\x35\x53"
	"\x75\x6a\x99\x26\xe3\x14\x3d\xfe\x88\xf8\x8c\x42\x67\x4d\x43\xc6"
	"\x76\x84\xbb\xe4\x30\xc3\x34\xa0\x3d\x4c\xc9\x99\x71\x4a\x76\x30"
	"\x58\x09\xcd\xb4\x8d\x59\x32\x0b\x98\xc6\x3d\xea\xf1\xdb\xf7\x8b"
	"\x7e\xf9\xfe\x16\x54\x0c\x3b\x84\x21\x31\x67\xda\x88\xeb\x2e\x92"
	"\x07\x6c\x81\x79\xae\x16\x44\xec\xd9\xc2\x72\x63\xcf\x3d\x9c\x84"
	"\x89\x61\x89\xeb\xd8\x88\xff\x27\xa0\x21\xbb\x0b\x27\xb9\x88\x4e"
	"\xcc\x49\x33\x64\x9e\x01\x69\x86\x1c\x85\xac\x73\x87\xe4\x7c\x16"
	"\x12\xcb\xd2\x3b\x9c\x90\x12\x1a\xb8\xab\x8d\x9d\x85\x85\xa8\x8c"
	"\x2a\x08\x71\x13\x2d\x88\x36\xb2\xc9\xfd\xc6\x08\xd7\x55\x10\x87"
	"\x3f\x79\x61\xa1\x7e\x93\xcb\x02\x75\x79\xbc\xe7\x2c\x63\x4a\x19"
	"\xc6\x51\x38\x2b\x42\x06\x3c\xcb\x4b\x3e\x17\xf4\xb9\xfe\x5f\x69"
	"\x57\xd6\xdc\x36\xee\xe4\xbf\x8a\xcb\x4f\xbb\x55\xc9\x8c\x75\xf8"
	"\x7a\xf0\x03\x48\x82\x12\x46\xbc\x4c\x90\x3a\xfc\xc2\x52\x1c\xc5"
	"\x51\x4d\x7c\x94\x8f\x9d\xc9\xff\xd3\x2f\x1a\x20\x29\x00\x44\x43"
	"\xde\xda\xaa\xcc\x24\x42\xff\x08\x82\xb8\xba\xd1\xe8\xa3\x10\xed"
	"\x1c\x9f\xa1\x64\xce\x46\xa3\xc9\x04\x25\x61\xfe\x1e\xd5\x62\x32"
	"\x19\x61\xca\xa3\xa6\x5e\x32\x8e\xf4\x5b\x15\xf2\xc9\x14\xf1\x5f"
	"\x93\x34\x24\xb4\x60\x37\x62\x95\x18\x14\x2c\xb8\x9e\xa4\x5d\xe1"
	"\xb4\x4b\xa4\x6e\x41\x9b\x9e\x4f\xb0\xc4\x28\xe7\xa3\xab\xb1\xdb"
	"\x7e\x6e\x19\x66\x09\x3a\x26\x4b\x9a\x26\x17\x67\x88\x7f\xdd\x32"
	"\xb9\xc0\x54\xbd\x77\x62\x30\xc7\x63\x47\x10\xa4\x74\xfb\xf0\xb4"
	"\x7b\x57\x3a\x6b\xe7\x66\xb2\x40\xfd\x8c\x24\x09\x11\x7a\x17\x67"
	"\xd7\xd7\xc8\x06\xd4\xaa\x96\x53\x32\xcb\x3c\x7b\xef\x01\x83\xaa"
	"\x44\xc9\x6c\x32\xc2\x23\xf8\x4f\xce\xad\x20\x17\xf6\xbe\x2a\x2b"
	"\xc7\xc5\x81\x6e\x6a\xcc\xd3\xf0\xfc\x6a\x3a\x41\x9b\x6a\xe3\xac"
	"\xe6\xaa\x4e\x3e\x24\x36\x19\x1c\x95\xad\x3b\xe0\x96\xf7\xdd\xff"
	"\xda\x3f\x0d\x06\xc5\x90\xe0\x5e\x9e\xdf\x05\x47\xdc\x3b\x6f\x1b"
	"\xce\xb1\xa4\x61\x11\x1f\x5d\x9d\xa1\x3a\xad\xf3\x29\xb2\x17\x2b"
	"\xda\x25\x2a\x97\x63\x1b\x22\xd0\x46\x13\x5c\xd6\xc7\x96\x47\x55"
	"\x24\x4e\x39\xc7\xfe\xf6\xb7\xf7\xad\x29\x0e\x24\x69\x71\x3d\x3a"
	"\x73\x08\x71\xc5\xeb\xee\x0d\xa4\x08\xe7\x14\x0f\x8a\xb3\x8b\xb3"
	"\x74\x86\xcc\xc4\x02\xbb\xe8\x98\x17\x58\x57\x16\xc9\x68\xe4\xd1"
	"\xf5\x2b\x32\x3a\xaf\x8b\x44\xcc\x6b\xcc\x7f\xf0\x1c\xd5\x3b\x0a"
	"\xd2\xe4\xd2\x37\xe1\x65\x36\x52\x77\x7f\x9f\x63\xb2\xea\xbc\x18"
	"\x9f\x5d\xb8\x3f\xe3\xae\x20\x82\x41\x5f\xb8\xe5\x92\x27\x08\x16"
	"\xe2\xea\x6b\x3e\xb9\x36\x55\xca\xed\xf0\x3c\xff\xbb\x7f\x04\x09"
	"\x56\xa9\xa0\xde\x54\x44\x16\x47\x05\xe1\x7c\x74\x36\xc2\xc5\x2a"
	"\x60\xae\x28\x27\x64\x11\x29\xc1\x40\x95\x62\x81\xc7\xca\x18\x62"
	"\xb5\x20\x8a\x40\x5e\xc6\x88\xd0\xce\xd7\xe2\x9d\x67\xe8\x43\x57"
	"\xff\xcf\xf8\x28\x23\xd7\xa9\xa4\xda\x3d\xbe\xc0\xa1\x12\x9b\xd3"
	"\x11\xbf\x14\xd2\x42\x53\x45\x8b\x46\xa6\x97\x65\x1c\x53\xc1\x8a"
	"\xc5\xcd\x52\x05\xca\xc3\xbc\x2e\x10\xaf\xf4\x34\x59\x5f\x9f\x5d"
	"\x20\x3c\x56\x11\x31\x2d\x6d\x5a\x9c\x21\xb7\x7e\x92\x74\x89\xb0"
	"\xcf\x0d\x47\x06\x52\x92\x10\xee\x99\x55\x6e\x07\x8a\x65\x4a\xed"
	"\xd4\x48\x7d\x82\xa3\x54\xcf\x76\x94\x0e\x23\x8c\x43\x21\xf8\x28"
	"\xc5\x95\xdb\x8e\x14\xe8\x32\x27\xc4\xd5\xb9\xbb\x7e\x65\x68\x55"
	"\xcc\xec\x4a\xed\x68\xdc\x6a\xf3\x2f\x6f\x4f\xee\x7f\xee\x5f\xb4"
	"\x30\x59\xdd\xec\x2e\x6f\x21\x4f\xb4\x69\x28\x31\xd3\x8d\x26\xdb"
	"\x02\x18\xd3\x26\x2b\x6f\x46\x76\xf9\x72\x9c\x0e\xc1\xcb\x89\xab"
	"\x4c\x9c\x87\x39\x56\x0e\xd1\xc0\x9c\x34\x12\x26\xf6\xed\xc4\x3c"
	"\x5f\xb5\xb9\x9e\x5a\x63\xbe\x5e\x82\x2c\x2b\x56\xc9\xc0\x31\xb4"
	"\x0c\x8b\xda\x7a\xae\x88\x86\xd6\x88\x29\x62\x92\xcc\x0a\x12\x2e"
	"\x90\xd1\x15\xaf\x06\xbb\xec\x3c\xab\xca\x3c\x49\x4c\xc3\x70\x45"
	"\x53\x96\x2a\x39\xb2\x35\x2a\x8c\x32\xd2\xc3\xf2\x41\xc4\xe9\x50"
	"\x6f\x54\xcc\x37\x27\xfc\xe3\xdb\x9b\x74\x65\x38\x0c\x61\x6b\xe6"
	"\x6a\x26\x8e\x85\xb4\xb3\x83\xe8\x03\x41\xd8\x5a\xdb\x43\xa2\x61"
	"\x80\xb8\xa7\x9e\x78\xb4\x58\x93\x66\x7c\x95\xa5\x32\x99\xf0\x71"
	"\x14\xd4\x87\xa2\x42\x31\x8f\x0b\x34\x9e\x1a\x20\xc0\xab\x66\x9e"
	"\x67\x14\x9c\xdd\x2f\x2e\x90\x6d\x4f\x26\xd2\x55\xd6\xb5\xb7\x57"
	"\x67\x17\xd3\x86\x93\x8a\xf8\x91\x4c\x22\xd7\x9f\x40\xde\x22\xe6"
	"\xbc\x07\x80\xfd\x89\x36\xa0\xb6\xd6\x37\x98\x76\x85\x88\x7d\x4f"
	"\x1a\x0e\xb5\xf2\xc5\xee\x15\x02\xe9\x4a\x1e\xf5\xa8\xb4\x3f\xae"
	"\xa0\x76\xb0\x30\x42\x48\xca\x95\xd6\xa8\x4b\x53\x18\xba\x0c\xb3"
	"\x80\x52\x0c\xbd\xad\x22\x5e\xa3\x95\x29\x27\x89\xb1\x98\xea\x35"
	"\x64\x2b\x44\xbd\x1d\x94\x1f\x85\xc3\x93\xab\xa0\x76\xdd\xdd\x12"
	"\x20\xbc\xb3\x5d\x1a\x86\xce\x52\x81\xb2\xb4\xcd\xa0\x8d\x9c\x15"
	"\x30\x48\xb8\x00\x86\xb8\x18\x4d\x0f\xc8\x6f\x3d\xd5\x85\x52\x3d"
	"\xfd\xb6\x87\x6c\x19\x5f\x7e\xfe\xd3\xfe\xe3\x7f\x9e\xbe\xab\x7f"
	"\x9d\x0e\x63\x75\x1d\xde\xe8\x74\x38\xb3\x23\x7b\xd1\x2c\x02\x73"
	"\xed\x3c\x5f\x68\xed\xa8\x4a\x12\x52\x30\x49\x6b\x2c\x97\x89\x84"
	"\x05\xd9\x32\x62\x69\x8a\x98\xbc\xb8\x32\x4b\x74\x29\x0a\x0e\xbc"
	"\x69\x29\xcd\x58\x81\xbd\xa0\x5e\x22\x71\x51\xea\x5e\x13\xed\x23"
	"\x70\xd1\xca\x23\xd2\xbb\xec\xce\x57\x27\xef\xaf\xdb\x7b\x29\x64"
	"\x0d\xe7\x1d\x47\xf8\x94\x0a\xcb\x5a\xb9\x23\x29\x41\x10\x2d\x24"
	"\xd2\x2b\x92\xe5\x91\x52\xb7\x95\x66\x5e\x18\x3e\x18\x9c\xe5\xae"
	"\xde\xe1\x09\x4b\xc5\x96\x6d\x20\x55\x91\x32\x96\xb6\x1c\x32\x1c"
	"\x90\x6c\x66\xd8\xfb\x53\x2b\x56\xdb\xe0\x84\xc6\x39\x6a\x47\xbf"
	"\x98\x71\x9b\x71\xb5\xb6\x8b\x9d\xcb\xe5\x2c\x5f\xd2\x32\xcb\xcb"
	"\x9b\xd3\xc7\xb7\xc7\xaf\xdb\xef\xaf\xbb\xa7\xe7\xaf\xef\xff\x39"
	"\x1d\x54\xd3\xfb\x59\x6a\x89\x54\x64\xe2\x12\xd8\xf9\x67\x1b\xb8"
	"\x0f\x17\x83\x10\x0d\x03\xa9\x2e\x76\xaf\x4f\xbb\x5f\xbc\x3e\x2c"
	"\xae\x05\x37\xea\x11\x3f\x3d\xfe\x91\x40\x25\x49\x92\xaf\x12\x21"
	"\xea\x35\x10\xd3\x8b\x94\x62\x2b\x88\x50\x70\x4a\x32\x88\x26\x0c"
	"\x2b\xc0\xd1\x2d\x80\xc8\x60\x9b\x07\xba\xd1\x0a\xa7\xe3\x8f\x56"
	"\xa1\x6c\xb4\xf1\x45\x27\x5f\x4f\x78\x2d\x26\xbd\xf1\x65\x8d\x2c"
	"\x3a\x74\x7a\x5f\x04\xff\x17\xd2\x41\x35\xc7\x68\x29\xec\x70\x18"
	"\x71\x01\xd6\x9a\x4e\x62\x91\xe7\x71\x53\x67\x24\xa5\x2e\x72\x6b"
	"\xfd\x6d\xd8\xb1\x1f\xa8\x73\x16\x51\xbd\xae\x4d\x1a\xe4\x09\xc7"
	"\x5f\x13\xa6\x51\xc2\x44\xe7\x89\x1d\x06\x7c\x58\x14\xca\x05\xcf"
	"\x0b\x9a\x09\x19\x23\x62\x25\x0d\xd1\x6f\x12\x2c\xb7\xeb\xd2\x78"
	"\x0f\x01\x0f\xa5\x50\xa1\x1b\xde\x2a\x33\x5f\x31\xe8\x51\xeb\xb8"
	"\x7e\xa8\x6a\x49\xe0\xdc\x23\xce\x3c\x31\xf4\x6a\xc9\x75\xa7\x01"
	"\x51\x24\x66\x2b\x29\x2c\x23\xd2\x71\x83\x98\x50\x0a\xda\xa4\x71"
	"\x6e\x5e\x82\x32\x35\x52\x0c\xcb\x82\x9a\x53\xf0\x35\x91\x75\x5a"
	"\x24\x68\x4d\xce\xd9\xda\x14\x19\x3b\x92\x74\x5c\x62\xd5\xc6\x6a"
	"\xd8\x54\x0c\x93\xb4\x39\x67\x88\x24\x26\x31\x98\x99\xfb\x5f\x41"
	"\x64\xb8\x9c\xc1\x6f\x14\x0c\x8e\x78\x81\xec\x56\x53\x62\x64\x1c"
	"\x38\x17\xd6\x41\x7f\xe1\xa4\x35\x4e\x9a\xc5\x1c\xed\xf2\x3c\xf4"
	"\x10\x83\xca\xd3\x96\x8c\x25\xc3\x47\xbb\xaf\x1b\xcb\xe7\xb4\x99"
	"\x00\x05\xb0\x74\x86\xa5\xe2\xcf\x9a\x54\x55\x39\x2c\x76\x0c\x60"
	"\x47\x72\x0d\xa0\xa4\x89\x0e\x15\xb2\x3a\xd2\xe4\xee\xe9\x23\xa3"
	"\xac\x60\x72\x5b\x66\xd9\x5f\xca\x51\xc3\x5b\x1f\xe4\x97\x07\xe5"
	"\x07\x73\x5a\xc1\x4b\x14\xcb\xdb\x8d\xc3\x7c\xb8\xce\x62\xc2\xca"
	"\xa6\x5c\x71\x9a\x22\xdc\x11\xe1\xfe\xd8\x04\x07\xbf\x7a\x2b\x81"
	"\x55\x5b\xd6\x66\xc8\xcd\x0b\xe7\x88\x31\xb9\x3b\x85\x0b\xc3\xc7"
	"\x0a\xfc\x19\xc0\xb6\x6a\x83\xd0\x8d\xbe\x44\x8a\x05\xd7\x98\x71"
	"\x8c\xc6\x32\xb9\x8f\xc9\xdf\x46\x9b\xdb\xed\x52\xb1\xb6\x22\x5e"
	"\xb8\x7b\x40\xf0\x4c\x7b\x12\x74\x85\xbe\x95\xd7\x22\x82\x9a\x25"
	"\x15\xcb\x84\x04\x31\xcb\x48\x55\x97\xd4\x68\xa6\x74\x4e\xd4\x4e"
	"\x51\x91\x5d\xc0\x54\x81\x74\xcd\x30\x9a\x40\x14\xc1\x25\x0c\xd4"
	"\x79\xa5\x07\x44\x80\x9f\x10\xc0\x5b\x3a\x85\xc9\x2c\xe0\xb1\xe1"
	"\xe2\x21\x53\x83\xb7\xb0\x15\x29\x33\x3b\xdc\x80\x24\xa0\xbe\xb9"
	"\x92\x5a\x95\xd4\x74\x26\x8b\xd3\xaa\x59\x8e\x5c\x78\x49\x19\x5b"
	"\xcd\x0b\xab\xc4\x8c\xb0\x5e\xe5\x31\x9f\x62\x2b\x4c\x91\x91\x4d"
	"\x41\x6e\xd7\xc6\xd4\x0c\x31\xc7\xb0\x36\xec\x37\xb6\x8e\xa1\xa6"
	"\xa0\x88\x1d\x2f\x01\x31\x2a\x21\x1b\xeb\x3d\x87\xd2\x9e\x19\x36"
	"\xe2\x2f\xef\xf3\x07\x24\x49\x56\x64\x23\x3e\x2a\x07\xf1\x07\xa9"
	"\x16\x0e\x07\xee\xfb\x6c\x0d\xb4\x16\x53\x46\x76\xd1\x31\x60\x4a"
	"\x45\xc7\xe7\x85\xd3\x6b\x41\x2c\x1e\x9a\xd2\xac\x12\xa2\x50\xdc"
	"\x1f\x9c\xc2\xed\xfd\x4f\x33\x12\x6b\xcc\x25\x77\x19\x5a\x7c\x45"
	"\x5f\xc5\x09\xe0\xcf\x68\x19\x49\x66\x7f\xe0\xf5\x9a\x92\x33\xbf"
	"\x16\x27\x6f\xac\xf3\xeb\x28\xb6\x48\x4a\x77\x9e\xf3\x3f\x63\x52"
	"\xfd\x49\xd7\xf0\xff\xac\xb2\x6a\xef\xd7\x46\x65\x0d\x4d\xca\xc5"
	"\x93\xee\x09\xb3\x8c\x6d\x7e\x21\x7e\x77\x02\x73\x28\xe4\xdc\x82"
	"\xcc\xe8\xcd\x74\x72\xe9\xa2\xb3\x1c\x82\x61\x70\x5a\xdd\x9c\xee"
	"\xdf\x9e\xaf\xae\xce\xaf\xbf\x8e\x4e\xf5\x45\x7a\x80\xd6\x55\x7c"
	"\xe5\x94\x39\xec\xf7\xab\x12\xc7\x1b\x3e\xde\x7f\x5c\x9d\xea\x4a"
	"\xc2\xc1\x1a\x50\xe7\xfa\xb7\xdd\xc7\xf7\xe7\x93\x1f\xae\x9e\x81"
	"\xd8\x1f\x56\xd7\xc8\xa2\x85\x6d\x2d\xa8\x13\x41\x69\x54\x25\xfa"
	"\x7e\x21\x0a\xa1\x57\xc0\xe1\x89\x29\xbf\x6b\xb3\xba\x70\xce\x12"
	"\x38\x79\xb8\x35\x1c\x80\xa8\x99\x2b\x8d\xe2\x42\x9c\x4e\xf4\xae"
	"\xb0\x32\xde\x55\x69\x31\xf8\xe9\xe2\x4f\x8a\xd0\xf1\xfb\xc3\x35"
	"\x40\x3d\x13\x9b\x60\xe0\x9c\x05\xe2\x80\x1a\x47\x82\x43\x50\xc3"
	"\x1f\x5f\x86\x53\x9a\x13\xde\xcc\xd8\x8c\x64\x15\x53\x9f\xad\x07"
	"\xba\x54\xae\x3a\xc6\xf8\x81\x33\x92\xe4\x64\xca\x23\xd6\xdc\x22"
	"\x4a\x48\xe7\x8c\x8b\x3b\x24\xf2\xd0\x62\x9c\x46\x25\x6f\xc3\xa8"
	"\x5c\x88\xd6\x42\xa8\x46\xa8\x73\xbc\x5a\x41\x2a\x92\x1a\x25\x07"
	"\x9e\x2f\x09\x3c\x8d\xc5\x49\x61\x49\x52\xec\x23\x6e\x6b\xc2\xe7"
	"\x08\x71\xe9\x11\x4c\xc1\x7b\x7e\x8d\x4a\xa6\xa9\xe7\xeb\x0b\x9c"
	"\x76\x9b\xad\xa7\x5e\xea\x05\x4e\x2d\x1d\x2f\xed\xd6\x06\x5c\x70"
	"\xe8\xac\x59\xfe\x86\xcd\x20\x81\xd3\x4f\x27\x02\x1a\x0b\x4e\x41"
	"\x92\xbb\xbc\x27\xbb\x97\x5d\x87\x9b\x7e\x16\x37\x0f\x3f\x85\xbc"
	"\x9a\x8e\x3f\x85\xbb\xe3\x55\xe4\x04\x9a\x30\xed\x1b\xfd\x9d\xd0"
	"\x6d\x91\x03\xe0\x00\x00\xf1\xb8\x7f\x6d\xdf\x77\xa7\x03\x60\xc6"
	"\xf3\x64\xd8\xdd\x66\xd0\xa3\xb6\xb0\x34\xc3\xbd\x89\xc5\xbd\x44"
	"\x99\x97\x67\xee\x97\xb9\xe7\xb0\x43\x2b\x50\x79\xe8\x9b\x87\x4b"
	"\x23\xa7\x9f\xd9\xc5\x8f\xc3\x67\x6a\x2c\x48\x23\x77\x3c\xac\x11"
	"\x3c\xcc\x50\xe4\xe9\xb4\x4b\xe4\xd6\xd5\x04\x21\x86\x12\x06\xe8"
	"\x0a\xb1\xa0\xb2\x40\xe3\xcf\x80\x3e\xf5\xba\x4f\x34\x1c\xcb\x94"
	"\x6e\x81\x46\x9f\x01\x7d\xa6\xe1\x88\x11\x8e\x05\x9a\x7e\x06\xf4"
	"\x99\x2e\x40\xdc\xb8\x2c\xd0\xf5\x71\xd0\xf5\xe4\x13\x35\x5d\x7f"
	"\x66\x80\xaf\x27\x9f\xe8\xa7\xeb\xe9\x27\xda\x74\x75\x89\xf7\x93"
	"\x10\x22\x61\xc2\x37\x57\xc7\xab\x19\x8d\x3f\xd3\x6c\x81\xc2\x27"
	"\x01\xe1\x21\x63\xee\x05\xd9\xb7\x64\x64\xaf\xb0\x8e\x30\x3e\xfa"
	"\x11\x93\xa3\x88\xe3\x1d\x71\x7e\x14\x71\x71\x14\x71\x79\x14\x71"
	"\x7d\x14\x31\x3a\xfe\x31\xa3\xe3\x5f\x33\xc2\x3f\x67\x91\xb3\xab"
	"\xa6\xf4\x93\x6b\x94\x0c\x69\xc5\x04\x17\x26\x99\x17\x11\x52\x71"
	"\x70\x0f\x8f\x40\xc4\x71\xba\x2e\x73\x3f\xa8\xcc\x49\xc5\x8e\xbd"
	"\x6c\x53\xb2\x24\x39\xf2\xba\x19\xa1\x47\x21\xe2\x24\xbe\xf0\x22"
	"\x98\xf8\x2e\x82\xa8\xd4\x7b\x4c\x56\xb3\xea\x78\xf7\x1d\xfb\xa8"
	"\xaa\x2e\x17\x58\xd2\x0b\xc0\xd8\x67\xa2\xc3\x5d\x54\xe2\xd2\xcf"
	"\xd7\x19\x83\x95\x6a\xe4\x57\x53\x45\x4d\x06\x61\x2f\x12\x76\x47"
	"\xa4\xc2\xc7\x75\x75\xa6\x1c\x99\x76\xf7\x1f\xaf\x60\xa1\x33\xc8"
	"\xf4\xb6\xa0\x7a\x46\x70\xf8\x25\xe5\x08\x53\x9b\x06\xd1\xd5\x20"
	"\x73\x45\x56\x01\xa2\x64\xd9\x0c\x11\x7e\xdb\x2a\x10\xb7\x55\x29"
	"\xac\xd3\x08\x87\x40\xcc\x94\x68\x0e\x7a\xf5\x52\x7e\x10\x66\xdc"
	"\xa7\xd4\x93\x90\x20\x8e\xcb\x4b\xfe\xaa\x64\xa1\x33\xe9\x98\x43"
	"\x91\xd9\x95\x39\xe5\xd0\xbe\xea\x56\x24\x71\x3d\xd8\x8b\x2b\xeb"
	"\xb8\x4c\xfd\x0d\x84\x8b\x10\xc7\x5b\x12\x19\xa1\x9d\x14\x20\xa2"
	"\x8b\xa3\x4f\x54\xde\x4c\xc6\x97\x17\x57\x46\xe6\x0a\x71\xf8\x8d"
	"\x68\x26\x3a\xab\x96\x69\xec\x8a\x8d\xbc\x1f\xb2\xc2\x7d\x0d\x40"
	"\x1e\x92\x38\x94\x27\x49\x40\x8c\x90\xc2\x03\x0c\x30\x03\x5e\xe8"
	"\x89\x5e\x54\xfc\x0c\x89\x80\xcb\x2f\x15\x6a\xef\x08\x59\x5d\x00"
	"\x9d\x9e\x0e\x7a\x55\xcc\x4f\xb1\xc2\xd6\xce\x5e\x6d\x69\xf2\xca"
	"\xa5\x20\x42\xea\xf4\x77\x6d\x07\x8f\x18\x47\x82\x5b\x0d\xa1\x54"
	"\xfa\x4d\x6b\x8d\xb7\x11\x64\x19\xda\x11\xcb\x06\x18\xa9\x03\x2f"
	"\xe9\x2d\x84\x19\x82\xfb\x99\x9a\xde\x9c\xa1\x60\xce\xa2\x8a\x04"
	"\x70\x94\x9e\x43\xb0\x2e\x7e\x73\xed\xfa\x94\xd4\x0a\x14\x32\x84"
	"\x54\x79\x9a\x6f\x72\x3f\x86\x14\xa2\xdb\x52\xc4\x4e\xac\x47\x41"
	"\x08\xab\x82\x65\x7e\xd0\x86\x20\x79\x24\x0f\x6d\x26\x31\xd8\xd6"
	"\xb0\xe8\xd8\xdb\xc2\x45\x94\xaf\x32\x98\xf2\x4e\x75\x5b\x45\x67"
	"\xf6\x02\xed\x0b\x0f\xaa\x63\xdf\xa3\x32\x4a\xb9\x19\xd5\x17\x69"
	"\x3c\x5d\xa6\xce\x30\x3a\x4a\xe1\xe4\x9b\xa4\x03\x8c\xe5\x6c\x76"
	"\x58\xd7\x37\xa7\xe0\x34\xf6\xfd\xf9\x9f\xa7\x2f\xbf\xb7\x8f\xdb"
	"\x2f\xbf\x9e\xb7\xdf\x5f\xf6\x4f\x5f\xde\xb6\x3f\x76\x02\xb9\xff"
	"\xfe\x65\xff\xf4\xbe\x7b\x80\xbd\xf8\xcb\xdb\xee\xd7\xfe\xe9\xe3"
	"\xdf\x2f\x6f\x8f\xdb\xfb\xbf\xbf\xbc\x3f\x3f\x3e\xff\x7e\xfe\xb2"
	"\x7d\x79\xd9\xbe\x3e\x3e\xbf\x7e\xf9\xb6\x7d\xdb\x7d\xdb\x3e\x7d"
	"\x6f\x1e\x3e\xb6\xaf\xdf\x4f\xf5\x4b\xd9\x93\x9f\xa2\x64\x27\xad"
	"\x34\x0f\xfb\xb9\xb2\x55\xde\x89\x47\x7f\x9f\xec\x9f\xf6\xe0\x7d"
	"\xb3\xff\xcf\xb6\xf5\x55\xeb\x3d\x67\xa5\x56\x47\x66\x01\x5b\x92"
	"\x52\xc6\x99\x83\xc5\x5a\xd1\x52\x5b\xf2\x4e\xd4\x9d\x38\xc1\xb5"
	"\x17\x07\xe5\x27\xa0\xe6\x80\x32\x19\x08\x30\x5c\xc8\x4b\x69\xc4"
	"\xba\xa1\xc7\x88\x6d\xaa\x6b\x93\x73\xdc\x0d\x60\xfb\x2e\x9d\x28"
	"\x2f\x45\xc4\xc4\xeb\x47\xcd\xca\xf7\xd6\x62\x64\xe2\xb4\x03\x64"
	"\xc0\x32\x83\xb6\xff\x0f\xbc\x73\x06\x03\x01\x89\xf8\x7e\xec\x1f"
	"\x3e\x5e\xad\xae\x0d\x02\xed\xe8\x2c\x7e\xb4\xf7\x41\xb0\x9b\x19"
	"\x86\x61\x3d\xa5\xa4\x21\xe8\xa4\x5d\x5a\x68\x15\x99\xab\xd7\x3e"
	"\xbf\xfe\x7e\x79\x7f\x3e\xb9\x7f\x7e\xdd\x9d\x3c\xbf\x9e\xfc\xdc"
	"\xfd\x7a\x91\x9e\x8c\x06\x18\xee\x81\x8c\x88\xde\x46\xf1\x78\x58"
	"\x4e\x49\xe4\x2c\x1c\x42\x83\x64\x11\xb2\x62\x6e\x0c\xbb\x45\x19"
	"\x3e\x04\x3b\x9e\xb3\x70\x08\x2d\xf5\x3b\xaf\x43\x99\x13\x38\xd4"
	"\x7d\x74\x4d\x47\x5b\x42\xb0\xd6\x2f\x8a\x62\xec\x2a\x1c\xd6\x00"
	"\x02\x91\xa3\x39\xdc\x48\x8d\xd5\x96\x46\x73\x74\x40\x1b\x1a\x46"
	"\xc3\x4e\x69\x63\xc4\x61\xe5\x63\xc7\x3b\x80\xdb\xe2\x6f\x69\x1f"
	"\xec\x38\xa3\x0c\xb9\xcd\x07\xd5\xcf\xe2\xd1\xf8\x2a\xad\x93\x01"
	"\x21\xab\x13\x77\xa1\xab\x25\x85\xfc\x1b\x6f\x0b\xc8\x49\x32\xf2"
	"\xf1\xa0\x46\xf9\x57\xe4\xa8\x32\x55\x14\xbc\x4e\xb1\xd9\xcc\x85"
	"\x2c\xe9\x78\x14\xb1\x1a\x6b\xa9\x9c\xa5\xae\xf7\x89\x1d\x7d\x49"
	"\xc7\xe7\xe7\x66\x76\x24\x65\x30\xf7\xf1\xfe\x13\x5c\x15\xee\xb7"
	"\xef\xbb\xef\x27\xf4\xe9\x1e\x56\x22\xa4\x29\xfd\x67\xff\xfe\xf3"
	"\x84\xbc\xbd\x3d\xdf\xef\x25\x29\xda\xbe\x6f\x0d\x3b\xf7\xb6\xea"
	"\x30\xc5\x9b\x33\x0b\xd3\x61\xa7\xcc\x89\xf8\x33\x3e\x2b\xf2\x64"
	"\x33\x9a\x9c\x9d\x3b\x9a\x4b\x20\x87\xdc\x08\x71\x4f\xb3\x30\xc9"
	"\x51\xd0\xf8\xfc\xc2\x87\x11\xd2\x44\xcd\x2f\x10\x4f\x1c\x1d\x33"
	"\xb2\xdc\x2c\xac\x9e\xa7\xb7\x7a\x7a\x9f\x7e\x35\xcc\x89\xd8\x8c"
	"\x97\xdd\x3e\x17\x48\x77\xeb\xc7\xe7\xef\x7a\x3a\xf5\xae\x63\x02"
	"\xd7\x78\x87\x71\x80\xbf\x34\xac\x86\x6b\x2a\x74\x2c\x04\x1a\x06"
	"\x8e\xaa\x93\x72\xe5\xfb\xe8\x42\x34\x08\x7f\xf5\xda\x8c\xf1\xdd"
	"\x6d\x2d\x74\xb3\x2a\x11\x3b\xd5\x6e\x4c\x22\x71\xb2\xac\xea\xa1"
	"\x59\xf9\x7c\xfb\xf6\x13\xeb\x1a\x21\x3d\x0e\x77\x5a\x57\xe1\xda"
	"\xdd\x8b\xcb\xd4\xe1\x39\x1f\xed\x1f\x76\x6f\xef\xc3\x97\x95\xe1"
	"\x64\x1c\x3a\x16\xb3\x28\x76\x54\x1d\x24\x64\x41\xc7\xdc\xf7\xc9"
	"\x0a\x12\xf8\x20\xa2\xf6\x6a\x74\x16\xb1\xd8\xb3\x98\x9c\xfc\xc6"
	"\xb3\x8c\xd2\x68\xea\xd9\x41\x23\xe7\x23\x4c\x4c\x58\x9a\xc0\xdf"
	"\xbe\xd6\x96\x69\x74\x64\x79\x02\xe2\xe2\xec\x08\xe2\xc8\xca\x14"
	"\x88\xc9\xd8\xb7\xe4\xe6\x64\x34\xe8\x0f\x51\x28\xaa\x75\x15\x9f"
	"\x8f\x5c\xc3\x27\x08\x13\x5f\x23\x78\xea\x25\x57\xb3\x12\x4b\x0d"
	"\xdd\xb1\x87\xe2\x7c\x34\x74\x14\x0b\xf7\x2f\x3f\x8d\xd0\x94\xfd"
	"\x8e\xc5\x9d\x1b\x22\xb7\x62\x95\x0e\x10\x59\x1d\x30\xee\x61\x28"
	"\x65\x38\x75\x4e\xde\x7c\x85\xa7\x2e\x6d\xa7\x26\x49\x69\x92\x30"
	"\xe2\xc7\xf0\xea\xfc\x18\xe0\x02\x6f\x5e\xe4\xfc\xec\x78\xc0\x79"
	"\x07\xfb\xcd\x9c\xdc\x91\xc8\x3b\x7e\x24\xe1\xc4\x37\x8b\x3a\x7e"
	"\xe4\x9a\x1b\x94\xfa\xeb\xa6\x65\x61\x05\xd4\x1c\x4e\x9f\xa9\x77"
	"\xfa\x50\x82\xb7\xac\x5a\xe5\x30\x36\x83\xb9\xdc\x96\x1f\x82\x6d"
	"\x75\xf9\x3d\x5f\xc0\x87\xd0\x3c\x0c\x75\xdd\x2b\xaf\xd7\x06\x35"
	"\x25\x77\xb9\xe3\xb3\xaf\xa6\x63\xbc\x51\xc9\x9d\x6b\x1e\xc9\x1b"
	"\x45\xfc\x21\xb8\x1e\xec\xda\x59\x8a\xf3\xc6\xf3\xe3\x49\xf6\xf1"
	"\xf8\x6d\xf7\xda\x45\x1e\x71\x35\x9a\x64\x9c\x35\x61\xe1\x12\x9d"
	"\xa3\x32\x80\x6b\xfd\xac\x76\x53\x9c\x9c\x41\x51\x5c\x5b\xa8\xa4"
	"\xb8\x58\x29\x10\x06\x85\x7f\x31\x38\xb6\x51\x70\xd7\x29\x36\x88"
	"\xe0\x0a\x89\x87\xe4\xbb\x7c\x63\xdf\x03\x79\x2b\xbd\x7f\x0a\x2c"
	"\xba\xe3\x53\x38\x38\xe7\xe0\x03\x22\x95\x35\x2c\x8b\xf3\x21\x57"
	"\x5d\xb9\x04\x7e\xba\x14\x82\x9e\x97\xad\x03\x44\x9c\x3a\xcb\x7c"
	"\xdd\x84\x59\x76\x7e\xbe\x5e\x1f\x43\x87\x64\xc9\xea\xb4\xb9\x63"
	"\x47\xeb\xbd\x75\x86\xcb\x36\x00\xe0\x7c\x05\x69\x46\xc2\xe1\x24"
	"\x57\x80\xee\xb8\xe9\xac\x5d\xc5\xe8\x75\xbd\x1a\x0c\xe0\x3c\x41"
	"\xa4\xed\x36\x1c\x19\x1d\xd5\x8f\x25\xa5\xc7\x40\x90\x48\x0c\x34"
	"\x31\x9f\x7a\x29\x73\x76\x0f\xe1\x9b\x34\xa5\xa0\x35\x96\x2a\xe7"
	"\x6a\x53\xe8\xc6\x2f\x07\x62\x51\x07\x49\x8b\xe1\x75\x60\xc2\xd6"
	"\xe7\x67\xd7\x4d\x48\x4b\x48\xb2\x10\xc2\xfd\xbc\x6d\x9f\x5d\x2c"
	"\x42\x7e\x29\x56\x22\xe7\x70\xc3\xd6\x53\x0f\x4a\x75\x49\x87\x33"
	"\x0b\xbc\x00\x09\xb7\x30\x03\xf5\x6c\x41\x95\x85\x28\x58\x56\xca"
	"\x97\x31\x87\xbe\x22\x84\x88\x2b\x3f\xe4\x59\xe5\xed\xe4\x07\xf8"
	"\x34\xed\x1f\x9e\x94\x8b\xe9\xfd\xcf\xdd\xfd\xdf\xfb\xa7\x07\x2d"
	"\x31\x36\xc4\xf5\xa3\x50\x3f\xbc\xfb\xe6\xf4\x5e\x3c\xfc\xf6\x27"
	"\x3c\x21\x60\xcd\xdf\xbb\xdf\x7f\xbc\xec\x1e\x4f\x35\x73\x24\x08"
	"\x71\x5f\x09\x41\xbf\x55\xdf\x97\x86\xa1\xea\x90\xce\x41\xfb\xab"
	"\xdb\x0c\x00\x9d\xae\xab\x92\xe8\x5d\x86\xe9\x0e\xf3\x2c\x22\xe5"
	"\xc6\x7e\x9f\x1b\xad\xaa\x16\x52\x64\xb8\x90\xbe\x13\x0e\x70\x7f"
	"\x39\x91\x41\xad\xd2\xea\x33\xee\x76\xdc\x64\xff\xed\x75\xfb\xfa"
	"\xfb\xe4\xf5\xf9\xe3\x7d\xff\xa4\x8b\xd7\x81\x58\xb0\x14\x72\x3d"
	"\x53\x2b\xa7\xb4\x34\x8e\x72\x51\xd5\x9d\x05\xd1\x4e\xcf\x9d\xc3"
	"\x20\xaf\xca\x2c\x04\x15\x7c\x09\xfe\x6b\xc6\x2c\xd1\x21\x09\xcd"
	"\x10\x2a\xa4\xa7\x91\x59\x13\x86\xa4\x22\x64\xbd\x1f\x80\x6e\xbe"
	"\x05\x56\x9c\x61\x5a\xac\xc3\xf9\x4c\xaa\x61\x4b\x1a\x3b\x0c\xbc"
	"\x64\xf6\xb2\xb4\x4e\x2a\x56\x24\xcc\x9c\x9f\x2c\x6b\x2d\x34\xad"
	"\xd8\xcf\xba\x52\xea\x17\xda\x7d\x1d\xf3\x63\x41\x77\x0a\x18\x66"
	"\x09\x39\xc8\x5f\x73\xd5\xb5\x80\x56\x32\xc7\x90\x1d\xf7\x24\xb4"
	"\x9e\x63\x4f\xf7\x07\x7d\x7f\x0d\x3d\xcc\x49\xee\xce\x14\x4d\xc9"
	"\xd9\x1d\xbd\xb9\xf6\x7e\x8b\x76\x00\xf1\xd4\xe4\x6b\x8d\xb7\x06"
	"\x87\xba\xe0\xe0\xf1\x06\xa6\x7d\x19\xbd\xd5\x1f\x0c\xc1\xa1\xb1"
	"\x32\x94\x67\xe1\xe8\xc2\xdc\xdd\xc3\x66\x78\xd6\x32\xc8\xac\xaa"
	"\x1b\xb7\x96\x65\x70\x06\x14\x05\x3e\x6f\xbe\x16\x20\x76\x58\x1a"
	"\x6c\xae\x1c\x8f\x2a\x0a\x26\x24\x4a\x08\x29\x57\xd8\x46\xa2\x10"
	"\x01\xc3\x64\xd0\xf0\x02\xad\x19\x25\x5c\xba\xb4\xfe\x2c\xe8\x8f"
	"\xc5\x3a\xd6\x65\xf5\xba\x5e\x9b\x52\x96\xbc\xbb\x18\x4e\x00\x55"
	"\x2c\xe7\x92\xba\x8c\xc5\x20\x03\xea\xc1\xd8\x4e\x66\x70\xf2\x0f"
	"\xc0\x1d\x4c\x13\x21\xe9\x98\xf2\xaf\x2c\x1d\x48\xc5\xba\x9d\x9d"
	"\x59\x1a\x51\x57\xf9\xb4\x71\x97\xba\xd0\x86\x85\x9c\x55\x6c\xe0"
	"\x0f\xfe\x38\x77\x40\x70\xde\xe6\xf4\x56\x70\xb3\x3b\xdd\xdb\x5e"
	"\x23\x28\x31\xdd\xda\x46\x1d\xb7\xab\x42\x16\x89\x1a\x9e\x27\xb9"
	"\x11\xb6\x57\x2f\x85\x3b\xed\x2b\x84\x24\x5e\xa8\x91\x2a\xc1\xfc"
	"\x38\x85\x11\x75\x95\x35\x0b\x3d\x67\x9c\x56\x1e\xa4\xce\xe2\x98"
	"\xeb\x91\x00\x38\xcf\x43\x26\x93\x0f\x8a\x29\x53\x12\xe3\x12\x58"
	"\xfa\x88\xe9\xd9\x04\x55\x11\xf8\xac\x34\x06\xcf\x80\x72\x23\x9f"
	"\x64\x26\x3f\x46\xc6\x6f\x6f\x04\x63\x9a\xe9\x2e\x7d\x92\x06\x04"
	"\xb8\xc4\xb6\x72\x79\xc9\x06\x02\x0d\x2e\xb6\x9b\xaa\xb9\x98\x06"
	"\xac\xb2\x58\x68\xd7\xe9\x00\x0b\xf3\xb9\x3c\x32\x68\x43\x25\x4a"
	"\x5b\xd6\x93\x17\xfa\x55\xec\x8a\xe5\x55\xa2\x65\xdd\xe3\xb3\x44"
	"\x8d\x9b\xb6\xa3\x15\x75\x53\x1a\x1f\x16\xdd\xea\x0c\x39\xc9\x0d"
	"\x6d\x1f\xfc\xf6\xad\x90\x2c\x31\x9d\xa7\xc2\xe4\xae\xa9\x88\xa9"
	"\x30\xcc\xcb\x08\xd1\x08\x89\x0e\x70\x5f\x76\x95\xb7\xb0\xb1\xbb"
	"\x5c\x64\xd3\x82\x89\xe5\x67\x6c\xe4\x71\xa4\xf5\x0d\x78\x3f\x97"
	"\xa0\xb9\xad\xca\x0d\xd2\xa9\xcb\x88\xe7\xc3\xf9\x3d\xa3\x95\x4c"
	"\x33\x16\x47\xfa\x04\xe9\xa8\xed\x3e\x62\x3e\xca\xc1\xb9\x3e\x4f"
	"\x1c\x52\x83\x4a\x86\xc9\x74\x33\x01\x31\xc8\x96\x2f\x22\x58\x65"
	"\x64\x33\xdc\x26\xa5\xbf\xcb\xec\x64\x53\x59\xfa\xf2\xba\x7f\x7a"
	"\xff\x5b\x45\x92\x79\xdc\xbd\x3d\x0c\x2d\x56\xa4\x00\xb7\x90\x29"
	"\x94\x0c\x8b\x74\x30\x69\x05\x17\xd0\x04\xae\xf9\xfb\x8b\xa2\x4b"
	"\x14\x71\x5b\x33\x5a\xdd\x4c\x0f\x96\xf0\x4a\x50\x1f\xd4\x30\xd5"
	"\x6e\xef\x20\xa5\x59\xfb\xfe\x88\x26\xc4\x2d\xb5\x47\x9b\x8c\x40"
	"\x5a\x7b\xdc\xdd\x57\xe5\xca\xeb\x5a\x54\x67\xc0\x14\x40\xce\xcf"
	"\xd9\xc0\xfb\xdf\x7a\xa6\x15\xdc\xe1\x16\x5f\x9e\x51\x1d\x31\x87"
	"\x1f\x5f\xf6\xbf\x76\x5f\xdf\xf7\x8f\xad\xe0\xff\x26\x3b\xf3\x5e"
	"\x95\xbf\x0e\xfb\x53\x55\xdc\x1e\x78\xad\xd7\x41\x29\xb8\xea\xd4"
	"\x21\xa2\xed\xd1\x60\x5c\x48\x90\xd5\x31\x50\xb4\x22\x65\x3c\x3d"
	"\x86\x0a\x2a\xb7\xfc\x31\x8b\xc4\x6a\x0d\x4b\x56\x54\x4e\x37\xd6"
	"\x36\x07\x94\x38\x35\x28\x2b\x0d\xcd\xb7\xa5\x24\x29\x95\x4e\x5e"
	"\x37\x67\xe6\x0c\x2d\xc4\xfe\x09\x6e\xfd\x29\x16\x41\x84\x44\x2a"
	"\xc9\x30\x92\x86\xb0\xce\x84\xa0\x1d\x75\x4e\xc5\x48\xb8\x3d\x31"
	"\xad\xf2\x55\x86\x68\x31\xd4\x77\x63\xb6\xf8\x14\x32\x8e\xb5\x9e"
	"\x97\x9e\xc7\xb9\x72\xa4\x04\x27\x8c\x14\xd2\xca\x61\x47\x2b\x03"
	"\x24\x3b\xa4\xc9\xb3\x64\xe3\x8c\x62\x21\x01\x59\xd5\x76\x5e\x37"
	"\x39\xed\x4e\x6d\xcb\x87\x73\xa7\xcd\x53\x47\xc9\x02\xec\xc7\x60"
	"\x67\x76\x26\xdb\x86\xe0\x33\xe2\x14\xa7\x47\x97\xd1\x0a\xfb\x1b"
	"\x7a\x35\xb8\x37\x67\xff\x8e\x5c\x28\x71\x68\x62\xfa\xc1\x4b\xb5"
	"\x00\xdc\x6a\x68\xd2\x1d\xf5\x5a\xdb\x88\x68\xf7\xed\xe3\xe1\x41"
	"\xed\x38\xe6\x10\x09\xfe\x4a\x33\x8e\xb9\xa3\xaa\x2a\x01\x28\x59"
	"\x8e\x17\xd3\x66\x78\xcc\xf3\x14\x9f\x10\xa2\xdf\x78\x9e\x61\xe7"
	"\xda\xc3\xdb\xc4\x14\x8c\x3d\x90\x32\x8f\x08\x38\x22\x62\x19\x9a"
	"\x15\x2a\x0f\xc0\xd3\x16\x31\xa7\x4b\xea\x60\x98\x66\x4e\xe7\x2c"
	"\x6d\x6f\x42\x92\x29\x95\x3e\xcd\xaa\xbd\xa3\xf8\xe6\xa7\xb4\xd8"
	"\xa8\x61\x87\xf5\xa0\x9c\x06\x3a\x3d\xd7\x69\x31\xac\xac\x6a\x92"
	"\x0c\x5b\xd1\x12\x7c\x9b\xa7\x4a\x60\x0a\x16\x20\xbe\x4e\x57\x93"
	"\x15\x64\x1b\xb4\x47\x94\xd0\x46\xb8\x6e\x29\x67\x11\x64\xb2\x21"
	"\xa2\x3b\xe7\xb6\xc6\x32\x8a\x3a\x3c\xf4\xe9\xd4\xc3\xb3\x07\xdb"
	"\x48\x20\xb8\x7c\xc7\xd4\x03\xd0\xbf\x07\x43\xb4\xbe\xcf\x16\x61"
	"\xbe\x1c\xbc\x43\x3c\x20\x8a\xdb\x78\x29\x85\x71\x6c\x00\xbc\x6f"
	"\x18\xe7\x10\xe0\x6a\x70\x59\x08\x4b\xea\x04\x22\x5d\x7f\xbc\x28"
	"\x6e\x33\xdf\x3e\x3d\x58\x29\x9b\xe3\x0a\xb4\x10\x75\xe1\xcf\x5a"
	"\xa2\x88\xcd\xbc\x16\x92\x43\x45\xb8\x7b\x4a\xad\x6e\xfb\xdc\x99"
	"\xc8\xfa\xea\x17\xa0\x73\x08\x0d\xba\x6d\xc3\xa7\x88\x5d\x4a\xd6"
	"\xf3\x5e\xc0\x09\x81\x43\xcb\x5e\xd0\xa4\x1e\x59\x68\xb3\xce\x43"
	"\x86\x57\x49\xc6\x84\x80\x1e\x26\x44\x71\xc8\x07\x5f\x81\xa3\xb2"
	"\x4b\x71\x25\xab\xb1\xcd\x12\x65\xd5\x6a\x55\xd1\x2c\xea\xf9\x9d"
	"\x35\x5e\xf0\x19\x0b\x4a\x8b\x23\xdb\x8c\x38\xb8\xa4\xc5\x50\x42"
	"\x83\x11\x3d\xec\x97\x27\xff\xf5\xf6\xb2\x7f\x82\x4b\xfa\xb7\x2f"
	"\x27\x8f\x1f\xef\xbb\x7f\x77\xe2\x1f\xbb\xf7\xfb\x3f\xfe\xf8\xe3"
	"\xbf\x0f\xe2\x84\x34\x6e\x92\xf5\xce\xa4\xf8\xd7\x27\xa3\xd7\x1d"
	"\x21\x97\xbd\xbb\xbb\x3b\xd8\x1f\xd4\x01\x5f\xec\xdb\xf8\x40\x6f"
	"\x25\xce\x44\xd4\x27\x2e\x71\xf1\xe5\x76\x32\x62\x7b\x53\x38\x5a"
	"\xc9\x6a\xa5\x40\x62\xa7\xcc\x57\xb6\x49\xaf\xdd\x2a\x88\x35\xe0"
	"\xab\x4c\x7e\xda\x31\x0e\x22\xce\xa1\x20\x40\xca\x84\xa5\x47\xea"
	"\x82\x3e\x96\x17\x25\xad\x98\xcd\xf1\x0e\x15\x6b\x0e\x8c\x29\x71"
	"\x5e\x71\xf8\x50\xfc\x44\x24\xa7\x9c\xdc\x39\x8c\x7c\x93\x20\x48"
	"\x80\x3d\x5e\x9d\xc1\xc5\xa0\x98\x9a\x4a\xff\xe0\x69\xfc\x42\xf1"
	"\x24\x3f\xcf\x11\xff\x2d\x69\x19\xe4\x9c\xda\xbc\x1d\xa7\x80\x1a"
	"\x78\xb8\x12\x44\x17\x01\xc1\x37\x57\x7c\x4b\xa4\x4b\xa6\xec\x1b"
	"\xda\x50\x08\xca\xe2\x20\x2b\x04\x91\xa1\x73\x72\x19\xd6\x6e\xc9"
	"\x43\x10\x64\xfa\x4a\x7c\x54\x00\x81\x0d\x9d\x06\x01\x96\x25\x06"
	"\x47\x8c\x41\x9f\x76\x7a\xa4\xd3\x0f\xbb\x12\x80\x74\x31\x58\xbe"
	"\x00\x46\x14\x7d\x3d\xbd\xe5\x47\x4f\x33\x62\x53\x56\x12\x5f\x39"
	"\x90\xf5\x2c\xa4\xb2\x7f\x14\xd2\x16\x5c\xd3\x20\xda\x39\xf1\x31"
	"\xf3\xbc\x2a\x12\x25\x3a\x48\xef\x47\x19\x04\xd0\xed\x52\xd1\x0e"
	"\x4e\x43\xcb\x32\x2f\x8f\x85\x15\xf9\x44\xe8\x11\x50\x7d\x65\xe1"
	"\xa6\xca\x0b\x97\x4e\x20\x2f\x54\x77\x95\x16\xef\x8f\xeb\x4c\xc9"
	"\xd7\x7e\xea\xac\x24\xc5\xdc\x8d\xe9\x4e\x8e\x71\xb7\xc0\x8c\x0a"
	"\x14\xbf\x4e\x65\x8c\x38\x69\x3e\x5a\x46\x16\x04\x3c\xd6\xe5\x0c"
	"\x00\xa4\x14\xcc\xb9\x85\x08\xdb\x07\x55\x2d\x76\xec\xb4\x10\x46"
	"\x46\xd3\x67\xc1\xe6\x62\xe7\x1f\x6f\x13\x18\x0b\xbc\x71\x07\x04"
	"\xe3\x03\x43\xca\x57\x0c\x4e\x16\xf6\xe7\x41\x60\x37\x71\xb2\x9e"
	"\xd9\x31\x36\xe4\xc5\x60\xe5\x32\xe3\x1a\xbc\xa1\xd3\x55\xd8\x55"
	"\xb7\x40\x8d\xd3\x74\x23\x3d\xd8\xa6\xac\x11\x42\xdc\xf4\x25\x33"
	"\x04\x1d\x8d\xfc\x54\x8e\xa9\x70\x84\x48\x13\x7f\xa2\x22\x1f\x44"
	"\x71\x71\x0f\x60\xbe\x82\x54\xb2\x1e\x40\x3b\x29\xda\x81\x47\x02"
	"\x04\xcb\xc7\x1b\x9e\x09\x81\x56\x2c\x2a\xd7\xd5\x98\xd8\xad\xc5"
	"\xa0\x09\xc6\x2c\xef\x19\xc1\x4a\xdb\x62\xd8\xb2\x9c\x64\x62\xa5"
	"\x11\xb8\x92\x53\x0f\x20\x5c\xb3\x87\x8b\x99\xe8\x05\x2a\xf1\xc5"
	"\xf3\x75\x41\xb2\x90\x57\xb9\x32\xf9\x27\x71\x5e\xe5\xd6\xe2\x6d"
	"\x01\x6d\x87\x4a\xb3\xc0\x2e\xe2\x41\x99\x85\x1c\xf4\x61\x45\xc4"
	"\x26\x5b\xe0\x1b\xf1\x1c\xee\x17\xdb\xfc\xa1\x9e\x9e\x96\xeb\xae"
	"\x09\xc4\x06\x32\x4f\x49\xe9\x16\x3d\xb4\x95\xf5\x7f\x40\x1e\x6d"
	"\xa1\x36\x77\xa5\x7a\x0a\x47\xaa\x4f\xa6\x42\xf6\x95\x3a\x5c\x18"
	"\x2f\x7c\x0d\xb6\x7d\x36\x48\x59\x2b\xb5\xbc\x82\xb1\x62\x31\x72"
	"\x4a\xb1\xc5\x08\x5e\x24\x5b\x01\xd5\xb4\x56\x29\x5a\x10\x42\xc8"
	"\x90\x01\xbd\xca\xc5\xc2\x45\xe2\x14\xfa\xa8\x41\x27\x8b\x48\x89"
	"\xc5\xc3\x42\x03\x08\xd4\x83\xd3\xa5\x06\x03\xfa\xc2\x0f\x53\xb1"
	"\x6e\x71\xba\x12\xdb\x20\x60\xaa\x43\x7e\x32\x3f\x69\x4e\xd7\x51"
	"\x8d\x84\x42\x55\xdf\xac\xb4\xa7\xca\xa1\x8a\xe3\xb8\x85\x00\x56"
	"\xf9\x1a\x07\xa8\xfb\x6e\x9c\xae\x14\xb7\x5e\xba\xe0\xad\x49\x84"
	"\x23\xea\x9a\x79\xa8\xe0\xe4\x10\x0b\xc1\x19\x47\x94\xa0\xfe\xac"
	"\x6c\x2f\x2e\xab\xbf\x30\x83\x21\x49\x65\x11\xc1\x89\xc9\x22\xf5"
	"\xb4\x1d\x6c\x82\xec\x60\x40\x56\x07\x14\xee\xde\x8b\x59\x06\x71"
	"\x4b\x8f\x2d\x75\x59\x47\xcc\xca\x54\xc8\xc8\x9e\x0f\x54\xc1\x66"
	"\x3c\x0d\xc5\xf5\xcd\xed\x7c\x91\x8e\x78\xa8\x6b\xa5\x9a\x2c\x69"
	"\xee\x19\xa9\x94\xa6\xa8\x6a\xa4\x7b\x07\x1c\x38\x10\x88\x78\x1c"
	"\x11\x4f\xa5\x06\x2a\x6b\xa4\xa2\x4a\x08\x1f\x65\xdd\x45\x34\x1b"
	"\x9e\x85\x2d\x8c\xeb\xd6\x38\x6c\x56\x52\xce\x33\xee\x1a\x08\xe4"
	"\x13\x3f\xa2\xae\x99\x45\xc6\xc5\x0d\xfc\xf6\xa9\x9b\xea\x40\x2a"
	"\x56\x44\xcb\x2a\x76\x27\xb9\x99\xe1\x80\x1b\xb8\xd5\x31\x9a\xb6"
	"\x4a\x46\x7f\x65\x5c\x05\xf6\xa4\x91\x15\xb3\x57\x6c\x13\x45\x05"
	"\x7b\x80\xda\x3e\x11\xfd\x6f\xc1\x40\xbf\xd0\x49\x57\x0c\xb9\x50"
	"\x52\xd5\xa9\x23\x17\xb4\x55\x4a\x62\x42\x3c\xe1\xd4\x77\xe0\x59"
	"\xad\x9d\x17\xa8\xf2\x00\x9a\xb0\x59\xd6\xea\x16\x87\xed\x2e\x29"
	"\xb8\x57\x61\x31\x7a\x25\x44\xb9\xe4\x0a\xf6\x0f\xea\xdf\x80\xc6"
	"\x10\x49\x24\x25\x0b\x6a\xdd\x9c\x51\xce\x66\xf3\xca\x11\x1f\xff"
	"\xfe\xe7\xc9\xcb\xf6\xfe\xef\xed\xc3\xae\xf7\x6d\x2b\x1f\xb3\xdd"
	"\xfb\xc9\xee\xdf\xf7\xdd\xd3\x9b\x79\x83\x51\xa6\x60\x1f\x03\xa7"
	"\x28\x4d\x76\x95\x65\x7c\x0e\x9c\xfe\x7f\x01\x20\x87\x9c\xf2\xf1"
	"\x73\x02\x00"
MAGIC_END;
